Section,Table/Figure,Title,Period,Country,Age_years,Breakdown/Measure,Data_Type,Value,Value_Denominator,Value_Numerator
Characteristics,Table 1,"Adolescents and young adults with type 1 diabetes, by sex",2017-21,England,15-25,Total,%,100.0,57060.0,57060.0
Characteristics,Table 1,"Adolescents and young adults with type 1 diabetes, by sex",2017-21,England,15-25,Female,%,44.8,57060.0,25540.0
Characteristics,Table 1,"Adolescents and young adults with type 1 diabetes, by sex",2017-21,England,15-25,Male,%,55.2,57060.0,31520.0
Characteristics,Table 2,"Adolescents and young adults with type 1 diabetes, by ethnicity",2017-21,England,15-25,Total,%,100.0,57060.0,57060.0
Characteristics,Table 2,"Adolescents and young adults with type 1 diabetes, by ethnicity",2017-21,England,15-25,White,%,82.1,57060.0,46850.0
Characteristics,Table 2,"Adolescents and young adults with type 1 diabetes, by ethnicity",2017-21,England,15-25,Asian,%,5.5,57060.0,3155.0
Characteristics,Table 2,"Adolescents and young adults with type 1 diabetes, by ethnicity",2017-21,England,15-25,Black,%,3.7,57060.0,2100.0
Characteristics,Table 2,"Adolescents and young adults with type 1 diabetes, by ethnicity",2017-21,England,15-25,Mixed,%,2.1,57060.0,1205.0
Characteristics,Table 2,"Adolescents and young adults with type 1 diabetes, by ethnicity",2017-21,England,15-25,Other,%,1.9,57060.0,1095.0
Characteristics,Table 2,"Adolescents and young adults with type 1 diabetes, by ethnicity",2017-21,England,15-25,Unknown/Not stated,%,4.7,57060.0,2655.0
Characteristics,Table 2,"Adolescents and young adults with type 1 diabetes, by ethnicity",2017-21,England,15-25,% of known ethnicity: Total,%,100.0,54405.0,54405.0
Characteristics,Table 2,"Adolescents and young adults with type 1 diabetes, by ethnicity",2017-21,England,15-25,% of known ethnicity: White,%,86.1,54405.0,46850.0
Characteristics,Table 2,"Adolescents and young adults with type 1 diabetes, by ethnicity",2017-21,England,15-25,% of known ethnicity: Asian,%,5.8,54405.0,3155.0
Characteristics,Table 2,"Adolescents and young adults with type 1 diabetes, by ethnicity",2017-21,England,15-25,% of known ethnicity: Black,%,3.9,54405.0,2100.0
Characteristics,Table 2,"Adolescents and young adults with type 1 diabetes, by ethnicity",2017-21,England,15-25,% of known ethnicity: Mixed,%,2.2,54405.0,1205.0
Characteristics,Table 2,"Adolescents and young adults with type 1 diabetes, by ethnicity",2017-21,England,15-25,% of known ethnicity: Other,%,2.0,54405.0,1095.0
Characteristics,Table 3,"Adolescents and young adults with type 1 diabetes, by social deprivation",2017-21,England,15-25,Total,%,100.0,57060.0,57060.0
Characteristics,Table 3,"Adolescents and young adults with type 1 diabetes, by social deprivation",2017-21,England,15-25,Most deprived,%,20.3,57060.0,11595.0
Characteristics,Table 3,"Adolescents and young adults with type 1 diabetes, by social deprivation",2017-21,England,15-25,2nd most deprived,%,18.7,57060.0,10670.0
Characteristics,Table 3,"Adolescents and young adults with type 1 diabetes, by social deprivation",2017-21,England,15-25,3rd most deprived,%,18.1,57060.0,10340.0
Characteristics,Table 3,"Adolescents and young adults with type 1 diabetes, by social deprivation",2017-21,England,15-25,2nd least deprived,%,16.7,57060.0,9515.0
Characteristics,Table 3,"Adolescents and young adults with type 1 diabetes, by social deprivation",2017-21,England,15-25,Least deprived,%,17.0,57060.0,9700.0
Characteristics,Table 3,"Adolescents and young adults with type 1 diabetes, by social deprivation",2017-21,England,15-25,Unknown,%,9.2,57060.0,5235.0
Characteristics,Table 3,"Adolescents and young adults with type 1 diabetes, by social deprivation",2017-21,England,15-25,% of known area of deprivation: Total,%,100.0,51825.0,51825.0
Characteristics,Table 3,"Adolescents and young adults with type 1 diabetes, by social deprivation",2017-21,England,15-25,% of known area of deprivation: Most deprived,%,22.4,51825.0,11595.0
Characteristics,Table 3,"Adolescents and young adults with type 1 diabetes, by social deprivation",2017-21,England,15-25,% of known area of deprivation: 2nd most deprived,%,20.6,51825.0,10670.0
Characteristics,Table 3,"Adolescents and young adults with type 1 diabetes, by social deprivation",2017-21,England,15-25,% of known area of deprivation: 3rd most deprived,%,20.0,51825.0,10340.0
Characteristics,Table 3,"Adolescents and young adults with type 1 diabetes, by social deprivation",2017-21,England,15-25,% of known area of deprivation: 2nd least deprived,%,18.4,51825.0,9515.0
Characteristics,Table 3,"Adolescents and young adults with type 1 diabetes, by social deprivation",2017-21,England,15-25,% of known area of deprivation: Least deprived,%,18.7,51825.0,9700.0
Characteristics,Table 4,"Adolescents and young adults with type 1 diabetes, by BMI status",2017-21,England,15-25,Underweight,%,3.6,47080.0,1705.0
Characteristics,Table 4,"Adolescents and young adults with type 1 diabetes, by BMI status",2017-21,England,15-25,Healthy weight,%,50.3,47080.0,23660.0
Characteristics,Table 4,"Adolescents and young adults with type 1 diabetes, by BMI status",2017-21,England,15-25,Overweight,%,25.9,47080.0,12195.0
Characteristics,Table 4,"Adolescents and young adults with type 1 diabetes, by BMI status",2017-21,England,15-25,Obese,%,17.4,47080.0,8175.0
Characteristics,Table 4,"Adolescents and young adults with type 1 diabetes, by BMI status",2017-21,England,15-25,Not known,%,2.9,47080.0,1345.0
Characteristics,Table 4,"Adolescents and young adults with type 1 diabetes, by BMI status",2017-21,England,15-25,% of known BMI: Underweight,%,3.7,45735.0,1705.0
Characteristics,Table 4,"Adolescents and young adults with type 1 diabetes, by BMI status",2017-21,England,15-25,% of known BMI: Healthy weight,%,51.7,45735.0,23660.0
Characteristics,Table 4,"Adolescents and young adults with type 1 diabetes, by BMI status",2017-21,England,15-25,% of known BMI: Overweight,%,26.7,45735.0,12195.0
Characteristics,Table 4,"Adolescents and young adults with type 1 diabetes, by BMI status",2017-21,England,15-25,% of known BMI: Obese,%,17.9,45735.0,8175.0
Characteristics,Figure 1,"Adolescents and young adults with type 1 diabetes, by BMI status and age at BMI measurement",2017-21,England,15,Underweight,%,1.0,8845.0,90.0
Characteristics,Figure 1,"Adolescents and young adults with type 1 diabetes, by BMI status and age at BMI measurement",2017-21,England,15,Healthy weight,%,55.9,8845.0,4945.0
Characteristics,Figure 1,"Adolescents and young adults with type 1 diabetes, by BMI status and age at BMI measurement",2017-21,England,15,Overweight,%,18.4,8845.0,1630.0
Characteristics,Figure 1,"Adolescents and young adults with type 1 diabetes, by BMI status and age at BMI measurement",2017-21,England,15,Obese,%,24.7,8845.0,2185.0
Characteristics,Figure 1,"Adolescents and young adults with type 1 diabetes, by BMI status and age at BMI measurement",2017-21,England,16,Underweight,%,1.1,9280.0,100.0
Characteristics,Figure 1,"Adolescents and young adults with type 1 diabetes, by BMI status and age at BMI measurement",2017-21,England,16,Healthy weight,%,56.4,9280.0,5235.0
Characteristics,Figure 1,"Adolescents and young adults with type 1 diabetes, by BMI status and age at BMI measurement",2017-21,England,16,Overweight,%,17.6,9280.0,1635.0
Characteristics,Figure 1,"Adolescents and young adults with type 1 diabetes, by BMI status and age at BMI measurement",2017-21,England,16,Obese,%,24.9,9280.0,2310.0
Characteristics,Figure 1,"Adolescents and young adults with type 1 diabetes, by BMI status and age at BMI measurement",2017-21,England,17,Underweight,%,1.7,9740.0,165.0
Characteristics,Figure 1,"Adolescents and young adults with type 1 diabetes, by BMI status and age at BMI measurement",2017-21,England,17,Healthy weight,%,56.3,9740.0,5485.0
Characteristics,Figure 1,"Adolescents and young adults with type 1 diabetes, by BMI status and age at BMI measurement",2017-21,England,17,Overweight,%,18.0,9740.0,1755.0
Characteristics,Figure 1,"Adolescents and young adults with type 1 diabetes, by BMI status and age at BMI measurement",2017-21,England,17,Obese,%,24.0,9740.0,2335.0
Characteristics,Figure 1,"Adolescents and young adults with type 1 diabetes, by BMI status and age at BMI measurement",2017-21,England,18,Underweight,%,5.5,9625.0,530.0
Characteristics,Figure 1,"Adolescents and young adults with type 1 diabetes, by BMI status and age at BMI measurement",2017-21,England,18,Healthy weight,%,58.1,9625.0,5595.0
Characteristics,Figure 1,"Adolescents and young adults with type 1 diabetes, by BMI status and age at BMI measurement",2017-21,England,18,Overweight,%,24.9,9625.0,2400.0
Characteristics,Figure 1,"Adolescents and young adults with type 1 diabetes, by BMI status and age at BMI measurement",2017-21,England,18,Obese,%,11.4,9625.0,1100.0
Characteristics,Figure 1,"Adolescents and young adults with type 1 diabetes, by BMI status and age at BMI measurement",2017-21,England,19,Underweight,%,5.1,8405.0,430.0
Characteristics,Figure 1,"Adolescents and young adults with type 1 diabetes, by BMI status and age at BMI measurement",2017-21,England,19,Healthy weight,%,55.9,8405.0,4695.0
Characteristics,Figure 1,"Adolescents and young adults with type 1 diabetes, by BMI status and age at BMI measurement",2017-21,England,19,Overweight,%,26.2,8405.0,2205.0
Characteristics,Figure 1,"Adolescents and young adults with type 1 diabetes, by BMI status and age at BMI measurement",2017-21,England,19,Obese,%,12.8,8405.0,1075.0
Characteristics,Figure 1,"Adolescents and young adults with type 1 diabetes, by BMI status and age at BMI measurement",2017-21,England,20,Underweight,%,4.3,8105.0,350.0
Characteristics,Figure 1,"Adolescents and young adults with type 1 diabetes, by BMI status and age at BMI measurement",2017-21,England,20,Healthy weight,%,54.9,8105.0,4450.0
Characteristics,Figure 1,"Adolescents and young adults with type 1 diabetes, by BMI status and age at BMI measurement",2017-21,England,20,Overweight,%,26.8,8105.0,2175.0
Characteristics,Figure 1,"Adolescents and young adults with type 1 diabetes, by BMI status and age at BMI measurement",2017-21,England,20,Obese,%,13.9,8105.0,1130.0
Characteristics,Figure 1,"Adolescents and young adults with type 1 diabetes, by BMI status and age at BMI measurement",2017-21,England,21,Underweight,%,4.3,8535.0,370.0
Characteristics,Figure 1,"Adolescents and young adults with type 1 diabetes, by BMI status and age at BMI measurement",2017-21,England,21,Healthy weight,%,51.8,8535.0,4420.0
Characteristics,Figure 1,"Adolescents and young adults with type 1 diabetes, by BMI status and age at BMI measurement",2017-21,England,21,Overweight,%,28.5,8535.0,2430.0
Characteristics,Figure 1,"Adolescents and young adults with type 1 diabetes, by BMI status and age at BMI measurement",2017-21,England,21,Obese,%,15.4,8535.0,1315.0
Characteristics,Figure 1,"Adolescents and young adults with type 1 diabetes, by BMI status and age at BMI measurement",2017-21,England,22,Underweight,%,4.1,8955.0,365.0
Characteristics,Figure 1,"Adolescents and young adults with type 1 diabetes, by BMI status and age at BMI measurement",2017-21,England,22,Healthy weight,%,51.0,8955.0,4570.0
Characteristics,Figure 1,"Adolescents and young adults with type 1 diabetes, by BMI status and age at BMI measurement",2017-21,England,22,Overweight,%,29.0,8955.0,2595.0
Characteristics,Figure 1,"Adolescents and young adults with type 1 diabetes, by BMI status and age at BMI measurement",2017-21,England,22,Obese,%,15.9,8955.0,1425.0
Characteristics,Figure 1,"Adolescents and young adults with type 1 diabetes, by BMI status and age at BMI measurement",2017-21,England,23,Underweight,%,4.0,9220.0,365.0
Characteristics,Figure 1,"Adolescents and young adults with type 1 diabetes, by BMI status and age at BMI measurement",2017-21,England,23,Healthy weight,%,49.7,9220.0,4580.0
Characteristics,Figure 1,"Adolescents and young adults with type 1 diabetes, by BMI status and age at BMI measurement",2017-21,England,23,Overweight,%,30.0,9220.0,2770.0
Characteristics,Figure 1,"Adolescents and young adults with type 1 diabetes, by BMI status and age at BMI measurement",2017-21,England,23,Obese,%,16.3,9220.0,1505.0
Characteristics,Figure 1,"Adolescents and young adults with type 1 diabetes, by BMI status and age at BMI measurement",2017-21,England,24,Underweight,%,3.6,9320.0,340.0
Characteristics,Figure 1,"Adolescents and young adults with type 1 diabetes, by BMI status and age at BMI measurement",2017-21,England,24,Healthy weight,%,48.6,9320.0,4530.0
Characteristics,Figure 1,"Adolescents and young adults with type 1 diabetes, by BMI status and age at BMI measurement",2017-21,England,24,Overweight,%,30.5,9320.0,2840.0
Characteristics,Figure 1,"Adolescents and young adults with type 1 diabetes, by BMI status and age at BMI measurement",2017-21,England,24,Obese,%,17.3,9320.0,1615.0
Characteristics,Figure 1,"Adolescents and young adults with type 1 diabetes, by BMI status and age at BMI measurement",2017-21,England,25,Underweight,%,2.9,9675.0,285.0
Characteristics,Figure 1,"Adolescents and young adults with type 1 diabetes, by BMI status and age at BMI measurement",2017-21,England,25,Healthy weight,%,46.3,9675.0,4480.0
Characteristics,Figure 1,"Adolescents and young adults with type 1 diabetes, by BMI status and age at BMI measurement",2017-21,England,25,Overweight,%,32.1,9675.0,3110.0
Characteristics,Figure 1,"Adolescents and young adults with type 1 diabetes, by BMI status and age at BMI measurement",2017-21,England,25,Obese,%,18.6,9675.0,1795.0
Care Processes,Figure 2,"Care process completion rates in adolescents and young adults with type 1 diabetes, by age at audit year start",2017-21,England,15,HbA1c,%,82.6,10960.0,9050.0
Care Processes,Figure 2,"Care process completion rates in adolescents and young adults with type 1 diabetes, by age at audit year start",2017-21,England,16,HbA1c,%,85.4,11490.0,9815.0
Care Processes,Figure 2,"Care process completion rates in adolescents and young adults with type 1 diabetes, by age at audit year start",2017-21,England,17,HbA1c,%,85.9,12140.0,10430.0
Care Processes,Figure 2,"Care process completion rates in adolescents and young adults with type 1 diabetes, by age at audit year start",2017-21,England,18,HbA1c,%,82.3,12955.0,10660.0
Care Processes,Figure 2,"Care process completion rates in adolescents and young adults with type 1 diabetes, by age at audit year start",2017-21,England,19,HbA1c,%,78.0,13640.0,10645.0
Care Processes,Figure 2,"Care process completion rates in adolescents and young adults with type 1 diabetes, by age at audit year start",2017-21,England,20,HbA1c,%,78.0,14205.0,11085.0
Care Processes,Figure 2,"Care process completion rates in adolescents and young adults with type 1 diabetes, by age at audit year start",2017-21,England,21,HbA1c,%,78.4,14675.0,11505.0
Care Processes,Figure 2,"Care process completion rates in adolescents and young adults with type 1 diabetes, by age at audit year start",2017-21,England,22,HbA1c,%,79.3,15205.0,12065.0
Care Processes,Figure 2,"Care process completion rates in adolescents and young adults with type 1 diabetes, by age at audit year start",2017-21,England,23,HbA1c,%,79.9,15505.0,12385.0
Care Processes,Figure 2,"Care process completion rates in adolescents and young adults with type 1 diabetes, by age at audit year start",2017-21,England,24,HbA1c,%,79.7,15895.0,12665.0
Care Processes,Figure 2,"Care process completion rates in adolescents and young adults with type 1 diabetes, by age at audit year start",2017-21,England,25,HbA1c,%,80.7,16320.0,13165.0
Care Processes,Figure 2,"Care process completion rates in adolescents and young adults with type 1 diabetes, by age at audit year start",2017-21,England,15,UACR,%,57.0,10960.0,6250.0
Care Processes,Figure 2,"Care process completion rates in adolescents and young adults with type 1 diabetes, by age at audit year start",2017-21,England,16,UACR,%,55.9,11490.0,6425.0
Care Processes,Figure 2,"Care process completion rates in adolescents and young adults with type 1 diabetes, by age at audit year start",2017-21,England,17,UACR,%,52.3,12140.0,6350.0
Care Processes,Figure 2,"Care process completion rates in adolescents and young adults with type 1 diabetes, by age at audit year start",2017-21,England,18,UACR,%,44.2,12955.0,5725.0
Care Processes,Figure 2,"Care process completion rates in adolescents and young adults with type 1 diabetes, by age at audit year start",2017-21,England,19,UACR,%,38.8,13640.0,5290.0
Care Processes,Figure 2,"Care process completion rates in adolescents and young adults with type 1 diabetes, by age at audit year start",2017-21,England,20,UACR,%,39.2,14205.0,5565.0
Care Processes,Figure 2,"Care process completion rates in adolescents and young adults with type 1 diabetes, by age at audit year start",2017-21,England,21,UACR,%,39.1,14675.0,5740.0
Care Processes,Figure 2,"Care process completion rates in adolescents and young adults with type 1 diabetes, by age at audit year start",2017-21,England,22,UACR,%,39.7,15205.0,6035.0
Care Processes,Figure 2,"Care process completion rates in adolescents and young adults with type 1 diabetes, by age at audit year start",2017-21,England,23,UACR,%,39.7,15505.0,6155.0
Care Processes,Figure 2,"Care process completion rates in adolescents and young adults with type 1 diabetes, by age at audit year start",2017-21,England,24,UACR,%,39.9,15895.0,6335.0
Care Processes,Figure 2,"Care process completion rates in adolescents and young adults with type 1 diabetes, by age at audit year start",2017-21,England,25,UACR,%,39.7,16320.0,6485.0
Care Processes,Figure 2,"Care process completion rates in adolescents and young adults with type 1 diabetes, by age at audit year start",2017-21,England,15,Blood pressure,%,83.5,10960.0,9155.0
Care Processes,Figure 2,"Care process completion rates in adolescents and young adults with type 1 diabetes, by age at audit year start",2017-21,England,16,Blood pressure,%,86.8,11490.0,9975.0
Care Processes,Figure 2,"Care process completion rates in adolescents and young adults with type 1 diabetes, by age at audit year start",2017-21,England,17,Blood pressure,%,86.9,12140.0,10555.0
Care Processes,Figure 2,"Care process completion rates in adolescents and young adults with type 1 diabetes, by age at audit year start",2017-21,England,18,Blood pressure,%,84.3,12955.0,10925.0
Care Processes,Figure 2,"Care process completion rates in adolescents and young adults with type 1 diabetes, by age at audit year start",2017-21,England,19,Blood pressure,%,81.6,13640.0,11135.0
Care Processes,Figure 2,"Care process completion rates in adolescents and young adults with type 1 diabetes, by age at audit year start",2017-21,England,20,Blood pressure,%,81.6,14205.0,11590.0
Care Processes,Figure 2,"Care process completion rates in adolescents and young adults with type 1 diabetes, by age at audit year start",2017-21,England,21,Blood pressure,%,82.2,14675.0,12070.0
Care Processes,Figure 2,"Care process completion rates in adolescents and young adults with type 1 diabetes, by age at audit year start",2017-21,England,22,Blood pressure,%,82.5,15205.0,12550.0
Care Processes,Figure 2,"Care process completion rates in adolescents and young adults with type 1 diabetes, by age at audit year start",2017-21,England,23,Blood pressure,%,82.2,15505.0,12750.0
Care Processes,Figure 2,"Care process completion rates in adolescents and young adults with type 1 diabetes, by age at audit year start",2017-21,England,24,Blood pressure,%,82.2,15895.0,13070.0
Care Processes,Figure 2,"Care process completion rates in adolescents and young adults with type 1 diabetes, by age at audit year start",2017-21,England,25,Blood pressure,%,82.8,16320.0,13505.0
Care Processes,Figure 2,"Care process completion rates in adolescents and young adults with type 1 diabetes, by age at audit year start",2017-21,England,15,Foot exam,%,59.2,10960.0,6490.0
Care Processes,Figure 2,"Care process completion rates in adolescents and young adults with type 1 diabetes, by age at audit year start",2017-21,England,16,Foot exam,%,63.0,11490.0,7240.0
Care Processes,Figure 2,"Care process completion rates in adolescents and young adults with type 1 diabetes, by age at audit year start",2017-21,England,17,Foot exam,%,65.4,12140.0,7940.0
Care Processes,Figure 2,"Care process completion rates in adolescents and young adults with type 1 diabetes, by age at audit year start",2017-21,England,18,Foot exam,%,61.8,12955.0,8000.0
Care Processes,Figure 2,"Care process completion rates in adolescents and young adults with type 1 diabetes, by age at audit year start",2017-21,England,19,Foot exam,%,59.5,13640.0,8120.0
Care Processes,Figure 2,"Care process completion rates in adolescents and young adults with type 1 diabetes, by age at audit year start",2017-21,England,20,Foot exam,%,59.8,14205.0,8500.0
Care Processes,Figure 2,"Care process completion rates in adolescents and young adults with type 1 diabetes, by age at audit year start",2017-21,England,21,Foot exam,%,60.5,14675.0,8875.0
Care Processes,Figure 2,"Care process completion rates in adolescents and young adults with type 1 diabetes, by age at audit year start",2017-21,England,22,Foot exam,%,61.9,15205.0,9405.0
Care Processes,Figure 2,"Care process completion rates in adolescents and young adults with type 1 diabetes, by age at audit year start",2017-21,England,23,Foot exam,%,61.9,15505.0,9600.0
Care Processes,Figure 2,"Care process completion rates in adolescents and young adults with type 1 diabetes, by age at audit year start",2017-21,England,24,Foot exam,%,62.8,15895.0,9980.0
Care Processes,Figure 2,"Care process completion rates in adolescents and young adults with type 1 diabetes, by age at audit year start",2017-21,England,25,Foot exam,%,62.9,16320.0,10270.0
Care Processes,Figure 2,"Care process completion rates in adolescents and young adults with type 1 diabetes, by age at audit year start",2017-21,England,15,BMI,%,88.5,10960.0,9700.0
Care Processes,Figure 2,"Care process completion rates in adolescents and young adults with type 1 diabetes, by age at audit year start",2017-21,England,16,BMI,%,88.6,11490.0,10185.0
Care Processes,Figure 2,"Care process completion rates in adolescents and young adults with type 1 diabetes, by age at audit year start",2017-21,England,17,BMI,%,86.7,12140.0,10525.0
Care Processes,Figure 2,"Care process completion rates in adolescents and young adults with type 1 diabetes, by age at audit year start",2017-21,England,18,BMI,%,82.2,12955.0,10645.0
Care Processes,Figure 2,"Care process completion rates in adolescents and young adults with type 1 diabetes, by age at audit year start",2017-21,England,19,BMI,%,75.9,13640.0,10350.0
Care Processes,Figure 2,"Care process completion rates in adolescents and young adults with type 1 diabetes, by age at audit year start",2017-21,England,20,BMI,%,75.6,14205.0,10740.0
Care Processes,Figure 2,"Care process completion rates in adolescents and young adults with type 1 diabetes, by age at audit year start",2017-21,England,21,BMI,%,75.8,14675.0,11120.0
Care Processes,Figure 2,"Care process completion rates in adolescents and young adults with type 1 diabetes, by age at audit year start",2017-21,England,22,BMI,%,76.3,15205.0,11595.0
Care Processes,Figure 2,"Care process completion rates in adolescents and young adults with type 1 diabetes, by age at audit year start",2017-21,England,23,BMI,%,75.8,15505.0,11750.0
Care Processes,Figure 2,"Care process completion rates in adolescents and young adults with type 1 diabetes, by age at audit year start",2017-21,England,24,BMI,%,75.5,15895.0,12005.0
Care Processes,Figure 2,"Care process completion rates in adolescents and young adults with type 1 diabetes, by age at audit year start",2017-21,England,25,BMI,%,76.4,16320.0,12465.0
Care Processes,Figure 2,"Care process completion rates in adolescents and young adults with type 1 diabetes, by age at audit year start",2017-21,England,15,Cholesterol,%,55.4,10960.0,6070.0
Care Processes,Figure 2,"Care process completion rates in adolescents and young adults with type 1 diabetes, by age at audit year start",2017-21,England,16,Cholesterol,%,59.9,11490.0,6880.0
Care Processes,Figure 2,"Care process completion rates in adolescents and young adults with type 1 diabetes, by age at audit year start",2017-21,England,17,Cholesterol,%,64.3,12140.0,7805.0
Care Processes,Figure 2,"Care process completion rates in adolescents and young adults with type 1 diabetes, by age at audit year start",2017-21,England,18,Cholesterol,%,65.2,12955.0,8445.0
Care Processes,Figure 2,"Care process completion rates in adolescents and young adults with type 1 diabetes, by age at audit year start",2017-21,England,19,Cholesterol,%,65.4,13640.0,8915.0
Care Processes,Figure 2,"Care process completion rates in adolescents and young adults with type 1 diabetes, by age at audit year start",2017-21,England,20,Cholesterol,%,66.7,14205.0,9470.0
Care Processes,Figure 2,"Care process completion rates in adolescents and young adults with type 1 diabetes, by age at audit year start",2017-21,England,21,Cholesterol,%,68.2,14675.0,10005.0
Care Processes,Figure 2,"Care process completion rates in adolescents and young adults with type 1 diabetes, by age at audit year start",2017-21,England,22,Cholesterol,%,69.3,15205.0,10535.0
Care Processes,Figure 2,"Care process completion rates in adolescents and young adults with type 1 diabetes, by age at audit year start",2017-21,England,23,Cholesterol,%,69.8,15505.0,10820.0
Care Processes,Figure 2,"Care process completion rates in adolescents and young adults with type 1 diabetes, by age at audit year start",2017-21,England,24,Cholesterol,%,70.5,15895.0,11200.0
Care Processes,Figure 2,"Care process completion rates in adolescents and young adults with type 1 diabetes, by age at audit year start",2017-21,England,25,Cholesterol,%,71.3,16320.0,11630.0
Care Processes,Figure 3,"All 6 care process completion rates in adolescents and young adults with type 1 diabetes, by age at audit year start",2017-21,England,15,,%,36.7,10960.0,4025.0
Care Processes,Figure 3,"All 6 care process completion rates in adolescents and young adults with type 1 diabetes, by age at audit year start",2017-21,England,16,,%,36.5,11490.0,4190.0
Care Processes,Figure 3,"All 6 care process completion rates in adolescents and young adults with type 1 diabetes, by age at audit year start",2017-21,England,17,,%,35.7,12140.0,4335.0
Care Processes,Figure 3,"All 6 care process completion rates in adolescents and young adults with type 1 diabetes, by age at audit year start",2017-21,England,18,,%,31.0,12955.0,4020.0
Care Processes,Figure 3,"All 6 care process completion rates in adolescents and young adults with type 1 diabetes, by age at audit year start",2017-21,England,19,,%,27.9,13640.0,3800.0
Care Processes,Figure 3,"All 6 care process completion rates in adolescents and young adults with type 1 diabetes, by age at audit year start",2017-21,England,20,,%,28.5,14205.0,4055.0
Care Processes,Figure 3,"All 6 care process completion rates in adolescents and young adults with type 1 diabetes, by age at audit year start",2017-21,England,21,,%,29.0,14675.0,4255.0
Care Processes,Figure 3,"All 6 care process completion rates in adolescents and young adults with type 1 diabetes, by age at audit year start",2017-21,England,22,,%,30.1,15205.0,4580.0
Care Processes,Figure 3,"All 6 care process completion rates in adolescents and young adults with type 1 diabetes, by age at audit year start",2017-21,England,23,,%,29.8,15505.0,4620.0
Care Processes,Figure 3,"All 6 care process completion rates in adolescents and young adults with type 1 diabetes, by age at audit year start",2017-21,England,24,,%,30.2,15895.0,4800.0
Care Processes,Figure 3,"All 6 care process completion rates in adolescents and young adults with type 1 diabetes, by age at audit year start",2017-21,England,25,,%,30.1,16320.0,4920.0
Treatment target,Figure 4,Median and mean HbA1c result (mmol/mol) by age at HbA1c result,2017-21,England,15,Median,n,65.0,,
Treatment target,Figure 4,Median and mean HbA1c result (mmol/mol) by age at HbA1c result,2017-21,England,16,Median,n,66.0,,
Treatment target,Figure 4,Median and mean HbA1c result (mmol/mol) by age at HbA1c result,2017-21,England,17,Median,n,68.0,,
Treatment target,Figure 4,Median and mean HbA1c result (mmol/mol) by age at HbA1c result,2017-21,England,18,Median,n,70.0,,
Treatment target,Figure 4,Median and mean HbA1c result (mmol/mol) by age at HbA1c result,2017-21,England,19,Median,n,71.0,,
Treatment target,Figure 4,Median and mean HbA1c result (mmol/mol) by age at HbA1c result,2017-21,England,20,Median,n,73.0,,
Treatment target,Figure 4,Median and mean HbA1c result (mmol/mol) by age at HbA1c result,2017-21,England,21,Median,n,72.0,,
Treatment target,Figure 4,Median and mean HbA1c result (mmol/mol) by age at HbA1c result,2017-21,England,22,Median,n,71.0,,
Treatment target,Figure 4,Median and mean HbA1c result (mmol/mol) by age at HbA1c result,2017-21,England,23,Median,n,70.0,,
Treatment target,Figure 4,Median and mean HbA1c result (mmol/mol) by age at HbA1c result,2017-21,England,24,Median,n,70.0,,
Treatment target,Figure 4,Median and mean HbA1c result (mmol/mol) by age at HbA1c result,2017-21,England,25,Median,n,69.0,,
Treatment target,Figure 4,Median and mean HbA1c result (mmol/mol) by age at HbA1c result,2017-21,England,15,Mean,n,69.0,,
Treatment target,Figure 4,Median and mean HbA1c result (mmol/mol) by age at HbA1c result,2017-21,England,16,Mean,n,71.5,,
Treatment target,Figure 4,Median and mean HbA1c result (mmol/mol) by age at HbA1c result,2017-21,England,17,Mean,n,73.0,,
Treatment target,Figure 4,Median and mean HbA1c result (mmol/mol) by age at HbA1c result,2017-21,England,18,Mean,n,75.2,,
Treatment target,Figure 4,Median and mean HbA1c result (mmol/mol) by age at HbA1c result,2017-21,England,19,Mean,n,76.3,,
Treatment target,Figure 4,Median and mean HbA1c result (mmol/mol) by age at HbA1c result,2017-21,England,20,Mean,n,76.8,,
Treatment target,Figure 4,Median and mean HbA1c result (mmol/mol) by age at HbA1c result,2017-21,England,21,Mean,n,76.1,,
Treatment target,Figure 4,Median and mean HbA1c result (mmol/mol) by age at HbA1c result,2017-21,England,22,Mean,n,75.4,,
Treatment target,Figure 4,Median and mean HbA1c result (mmol/mol) by age at HbA1c result,2017-21,England,23,Mean,n,74.3,,
Treatment target,Figure 4,Median and mean HbA1c result (mmol/mol) by age at HbA1c result,2017-21,England,24,Mean,n,73.7,,
Treatment target,Figure 4,Median and mean HbA1c result (mmol/mol) by age at HbA1c result,2017-21,England,25,Mean,n,73.1,,
Treatment target,Figure 5,Percentage of adolescents and young adults with type 1 diabetes achieving HbA1c <= 58 mmol/mol by age at HbA1c result,2017-21,England,15,,%,32.8,9090.0,2980.0
Treatment target,Figure 5,Percentage of adolescents and young adults with type 1 diabetes achieving HbA1c <= 58 mmol/mol by age at HbA1c result,2017-21,England,16,,%,30.8,9865.0,3035.0
Treatment target,Figure 5,Percentage of adolescents and young adults with type 1 diabetes achieving HbA1c <= 58 mmol/mol by age at HbA1c result,2017-21,England,17,,%,28.4,10975.0,3115.0
Treatment target,Figure 5,Percentage of adolescents and young adults with type 1 diabetes achieving HbA1c <= 58 mmol/mol by age at HbA1c result,2017-21,England,18,,%,25.1,11270.0,2825.0
Treatment target,Figure 5,Percentage of adolescents and young adults with type 1 diabetes achieving HbA1c <= 58 mmol/mol by age at HbA1c result,2017-21,England,19,,%,23.5,10955.0,2570.0
Treatment target,Figure 5,Percentage of adolescents and young adults with type 1 diabetes achieving HbA1c <= 58 mmol/mol by age at HbA1c result,2017-21,England,20,,%,22.0,11155.0,2450.0
Treatment target,Figure 5,Percentage of adolescents and young adults with type 1 diabetes achieving HbA1c <= 58 mmol/mol by age at HbA1c result,2017-21,England,21,,%,22.7,11555.0,2620.0
Treatment target,Figure 5,Percentage of adolescents and young adults with type 1 diabetes achieving HbA1c <= 58 mmol/mol by age at HbA1c result,2017-21,England,22,,%,23.6,12130.0,2865.0
Treatment target,Figure 5,Percentage of adolescents and young adults with type 1 diabetes achieving HbA1c <= 58 mmol/mol by age at HbA1c result,2017-21,England,23,,%,25.2,12570.0,3165.0
Treatment target,Figure 5,Percentage of adolescents and young adults with type 1 diabetes achieving HbA1c <= 58 mmol/mol by age at HbA1c result,2017-21,England,24,,%,25.7,12910.0,3315.0
Treatment target,Figure 5,Percentage of adolescents and young adults with type 1 diabetes achieving HbA1c <= 58 mmol/mol by age at HbA1c result,2017-21,England,25,,%,27.2,13250.0,3600.0
Treatment target,Figure 6,Percentage of adolescents and young adults with type 1 diabetes and HbA1c > 86 mmol/mol by age at HbA1c result,2017-21,England,15,,%,15.8,9090.0,1440.0
Treatment target,Figure 6,Percentage of adolescents and young adults with type 1 diabetes and HbA1c > 86 mmol/mol by age at HbA1c result,2017-21,England,16,,%,19.9,9865.0,1960.0
Treatment target,Figure 6,Percentage of adolescents and young adults with type 1 diabetes and HbA1c > 86 mmol/mol by age at HbA1c result,2017-21,England,17,,%,22.6,10975.0,2480.0
Treatment target,Figure 6,Percentage of adolescents and young adults with type 1 diabetes and HbA1c > 86 mmol/mol by age at HbA1c result,2017-21,England,18,,%,26.0,11270.0,2935.0
Treatment target,Figure 6,Percentage of adolescents and young adults with type 1 diabetes and HbA1c > 86 mmol/mol by age at HbA1c result,2017-21,England,19,,%,27.9,10955.0,3055.0
Treatment target,Figure 6,Percentage of adolescents and young adults with type 1 diabetes and HbA1c > 86 mmol/mol by age at HbA1c result,2017-21,England,20,,%,28.8,11155.0,3210.0
Treatment target,Figure 6,Percentage of adolescents and young adults with type 1 diabetes and HbA1c > 86 mmol/mol by age at HbA1c result,2017-21,England,21,,%,27.6,11555.0,3185.0
Treatment target,Figure 6,Percentage of adolescents and young adults with type 1 diabetes and HbA1c > 86 mmol/mol by age at HbA1c result,2017-21,England,22,,%,26.3,12130.0,3190.0
Treatment target,Figure 6,Percentage of adolescents and young adults with type 1 diabetes and HbA1c > 86 mmol/mol by age at HbA1c result,2017-21,England,23,,%,25.1,12570.0,3150.0
Treatment target,Figure 6,Percentage of adolescents and young adults with type 1 diabetes and HbA1c > 86 mmol/mol by age at HbA1c result,2017-21,England,24,,%,24.2,12910.0,3125.0
Treatment target,Figure 6,Percentage of adolescents and young adults with type 1 diabetes and HbA1c > 86 mmol/mol by age at HbA1c result,2017-21,England,25,,%,23.2,13250.0,3070.0
Treatment target,Figure 7,Percentage of adolescents and young adults with type 1 diabetes with an abnormal Urine Albumin Creatinine Ratio (UACR) level by age at UACR result,2017-21,England,15,,%,21.0,5415.0,1135.0
Treatment target,Figure 7,Percentage of adolescents and young adults with type 1 diabetes with an abnormal Urine Albumin Creatinine Ratio (UACR) level by age at UACR result,2017-21,England,16,,%,20.6,5340.0,1100.0
Treatment target,Figure 7,Percentage of adolescents and young adults with type 1 diabetes with an abnormal Urine Albumin Creatinine Ratio (UACR) level by age at UACR result,2017-21,England,17,,%,23.4,5405.0,1265.0
Treatment target,Figure 7,Percentage of adolescents and young adults with type 1 diabetes with an abnormal Urine Albumin Creatinine Ratio (UACR) level by age at UACR result,2017-21,England,18,,%,25.2,4675.0,1180.0
Treatment target,Figure 7,Percentage of adolescents and young adults with type 1 diabetes with an abnormal Urine Albumin Creatinine Ratio (UACR) level by age at UACR result,2017-21,England,19,,%,30.7,3555.0,1090.0
Treatment target,Figure 7,Percentage of adolescents and young adults with type 1 diabetes with an abnormal Urine Albumin Creatinine Ratio (UACR) level by age at UACR result,2017-21,England,20,,%,31.4,3340.0,1050.0
Treatment target,Figure 7,Percentage of adolescents and young adults with type 1 diabetes with an abnormal Urine Albumin Creatinine Ratio (UACR) level by age at UACR result,2017-21,England,21,,%,33.6,3345.0,1125.0
Treatment target,Figure 7,Percentage of adolescents and young adults with type 1 diabetes with an abnormal Urine Albumin Creatinine Ratio (UACR) level by age at UACR result,2017-21,England,22,,%,33.0,3545.0,1170.0
Treatment target,Figure 7,Percentage of adolescents and young adults with type 1 diabetes with an abnormal Urine Albumin Creatinine Ratio (UACR) level by age at UACR result,2017-21,England,23,,%,33.7,3690.0,1245.0
Treatment target,Figure 7,Percentage of adolescents and young adults with type 1 diabetes with an abnormal Urine Albumin Creatinine Ratio (UACR) level by age at UACR result,2017-21,England,24,,%,34.3,3675.0,1260.0
Treatment target,Figure 7,Percentage of adolescents and young adults with type 1 diabetes with an abnormal Urine Albumin Creatinine Ratio (UACR) level by age at UACR result,2017-21,England,25,,%,34.5,3720.0,1285.0
Treatment target,Figure 8,Percentage of adolescents and young adults with type 1 diabetes and abnormal Urine Albumin Creatinine Ratio (UACR) levels by age at UACR result and diabetes duration,2017-21,England,15,Diabetes duration: < 1 year,%,4.4,1130.0,50.0
Treatment target,Figure 8,Percentage of adolescents and young adults with type 1 diabetes and abnormal Urine Albumin Creatinine Ratio (UACR) levels by age at UACR result and diabetes duration,2017-21,England,15,Diabetes duration: 1-4 years,%,39.4,1130.0,445.0
Treatment target,Figure 8,Percentage of adolescents and young adults with type 1 diabetes and abnormal Urine Albumin Creatinine Ratio (UACR) levels by age at UACR result and diabetes duration,2017-21,England,15,Diabetes duration: 5-9 years,%,34.5,1130.0,390.0
Treatment target,Figure 8,Percentage of adolescents and young adults with type 1 diabetes and abnormal Urine Albumin Creatinine Ratio (UACR) levels by age at UACR result and diabetes duration,2017-21,England,15,Diabetes duration: 10+ years,%,21.2,1130.0,240.0
Treatment target,Figure 8,Percentage of adolescents and young adults with type 1 diabetes and abnormal Urine Albumin Creatinine Ratio (UACR) levels by age at UACR result and diabetes duration,2017-21,England,16,Diabetes duration: < 1 year,%,5.0,1100.0,55.0
Treatment target,Figure 8,Percentage of adolescents and young adults with type 1 diabetes and abnormal Urine Albumin Creatinine Ratio (UACR) levels by age at UACR result and diabetes duration,2017-21,England,16,Diabetes duration: 1-4 years,%,34.5,1100.0,380.0
Treatment target,Figure 8,Percentage of adolescents and young adults with type 1 diabetes and abnormal Urine Albumin Creatinine Ratio (UACR) levels by age at UACR result and diabetes duration,2017-21,England,16,Diabetes duration: 5-9 years,%,35.0,1100.0,385.0
Treatment target,Figure 8,Percentage of adolescents and young adults with type 1 diabetes and abnormal Urine Albumin Creatinine Ratio (UACR) levels by age at UACR result and diabetes duration,2017-21,England,16,Diabetes duration: 10+ years,%,25.5,1100.0,280.0
Treatment target,Figure 8,Percentage of adolescents and young adults with type 1 diabetes and abnormal Urine Albumin Creatinine Ratio (UACR) levels by age at UACR result and diabetes duration,2017-21,England,17,Diabetes duration: < 1 year,%,6.0,1260.0,75.0
Treatment target,Figure 8,Percentage of adolescents and young adults with type 1 diabetes and abnormal Urine Albumin Creatinine Ratio (UACR) levels by age at UACR result and diabetes duration,2017-21,England,17,Diabetes duration: 1-4 years,%,27.0,1260.0,340.0
Treatment target,Figure 8,Percentage of adolescents and young adults with type 1 diabetes and abnormal Urine Albumin Creatinine Ratio (UACR) levels by age at UACR result and diabetes duration,2017-21,England,17,Diabetes duration: 5-9 years,%,37.3,1260.0,470.0
Treatment target,Figure 8,Percentage of adolescents and young adults with type 1 diabetes and abnormal Urine Albumin Creatinine Ratio (UACR) levels by age at UACR result and diabetes duration,2017-21,England,17,Diabetes duration: 10+ years,%,30.2,1260.0,380.0
Treatment target,Figure 8,Percentage of adolescents and young adults with type 1 diabetes and abnormal Urine Albumin Creatinine Ratio (UACR) levels by age at UACR result and diabetes duration,2017-21,England,18,Diabetes duration: < 1 year,%,6.0,1175.0,70.0
Treatment target,Figure 8,Percentage of adolescents and young adults with type 1 diabetes and abnormal Urine Albumin Creatinine Ratio (UACR) levels by age at UACR result and diabetes duration,2017-21,England,18,Diabetes duration: 1-4 years,%,23.4,1175.0,275.0
Treatment target,Figure 8,Percentage of adolescents and young adults with type 1 diabetes and abnormal Urine Albumin Creatinine Ratio (UACR) levels by age at UACR result and diabetes duration,2017-21,England,18,Diabetes duration: 5-9 years,%,37.4,1175.0,440.0
Treatment target,Figure 8,Percentage of adolescents and young adults with type 1 diabetes and abnormal Urine Albumin Creatinine Ratio (UACR) levels by age at UACR result and diabetes duration,2017-21,England,18,Diabetes duration: 10+ years,%,33.6,1175.0,395.0
Treatment target,Figure 8,Percentage of adolescents and young adults with type 1 diabetes and abnormal Urine Albumin Creatinine Ratio (UACR) levels by age at UACR result and diabetes duration,2017-21,England,19,Diabetes duration: < 1 year,%,6.5,1085.0,70.0
Treatment target,Figure 8,Percentage of adolescents and young adults with type 1 diabetes and abnormal Urine Albumin Creatinine Ratio (UACR) levels by age at UACR result and diabetes duration,2017-21,England,19,Diabetes duration: 1-4 years,%,22.6,1085.0,245.0
Treatment target,Figure 8,Percentage of adolescents and young adults with type 1 diabetes and abnormal Urine Albumin Creatinine Ratio (UACR) levels by age at UACR result and diabetes duration,2017-21,England,19,Diabetes duration: 5-9 years,%,36.4,1085.0,395.0
Treatment target,Figure 8,Percentage of adolescents and young adults with type 1 diabetes and abnormal Urine Albumin Creatinine Ratio (UACR) levels by age at UACR result and diabetes duration,2017-21,England,19,Diabetes duration: 10+ years,%,34.6,1085.0,375.0
Treatment target,Figure 8,Percentage of adolescents and young adults with type 1 diabetes and abnormal Urine Albumin Creatinine Ratio (UACR) levels by age at UACR result and diabetes duration,2017-21,England,20,Diabetes duration: < 1 year,%,6.2,1045.0,65.0
Treatment target,Figure 8,Percentage of adolescents and young adults with type 1 diabetes and abnormal Urine Albumin Creatinine Ratio (UACR) levels by age at UACR result and diabetes duration,2017-21,England,20,Diabetes duration: 1-4 years,%,19.6,1045.0,205.0
Treatment target,Figure 8,Percentage of adolescents and young adults with type 1 diabetes and abnormal Urine Albumin Creatinine Ratio (UACR) levels by age at UACR result and diabetes duration,2017-21,England,20,Diabetes duration: 5-9 years,%,34.0,1045.0,355.0
Treatment target,Figure 8,Percentage of adolescents and young adults with type 1 diabetes and abnormal Urine Albumin Creatinine Ratio (UACR) levels by age at UACR result and diabetes duration,2017-21,England,20,Diabetes duration: 10+ years,%,40.2,1045.0,420.0
Treatment target,Figure 8,Percentage of adolescents and young adults with type 1 diabetes and abnormal Urine Albumin Creatinine Ratio (UACR) levels by age at UACR result and diabetes duration,2017-21,England,21,Diabetes duration: < 1 year,%,4.9,1125.0,55.0
Treatment target,Figure 8,Percentage of adolescents and young adults with type 1 diabetes and abnormal Urine Albumin Creatinine Ratio (UACR) levels by age at UACR result and diabetes duration,2017-21,England,21,Diabetes duration: 1-4 years,%,18.2,1125.0,205.0
Treatment target,Figure 8,Percentage of adolescents and young adults with type 1 diabetes and abnormal Urine Albumin Creatinine Ratio (UACR) levels by age at UACR result and diabetes duration,2017-21,England,21,Diabetes duration: 5-9 years,%,28.4,1125.0,320.0
Treatment target,Figure 8,Percentage of adolescents and young adults with type 1 diabetes and abnormal Urine Albumin Creatinine Ratio (UACR) levels by age at UACR result and diabetes duration,2017-21,England,21,Diabetes duration: 10+ years,%,48.0,1125.0,540.0
Treatment target,Figure 8,Percentage of adolescents and young adults with type 1 diabetes and abnormal Urine Albumin Creatinine Ratio (UACR) levels by age at UACR result and diabetes duration,2017-21,England,22,Diabetes duration: < 1 year,%,5.2,1160.0,60.0
Treatment target,Figure 8,Percentage of adolescents and young adults with type 1 diabetes and abnormal Urine Albumin Creatinine Ratio (UACR) levels by age at UACR result and diabetes duration,2017-21,England,22,Diabetes duration: 1-4 years,%,16.4,1160.0,190.0
Treatment target,Figure 8,Percentage of adolescents and young adults with type 1 diabetes and abnormal Urine Albumin Creatinine Ratio (UACR) levels by age at UACR result and diabetes duration,2017-21,England,22,Diabetes duration: 5-9 years,%,27.2,1160.0,315.0
Treatment target,Figure 8,Percentage of adolescents and young adults with type 1 diabetes and abnormal Urine Albumin Creatinine Ratio (UACR) levels by age at UACR result and diabetes duration,2017-21,England,22,Diabetes duration: 10+ years,%,51.3,1160.0,595.0
Treatment target,Figure 8,Percentage of adolescents and young adults with type 1 diabetes and abnormal Urine Albumin Creatinine Ratio (UACR) levels by age at UACR result and diabetes duration,2017-21,England,23,Diabetes duration: < 1 year,%,4.8,1240.0,60.0
Treatment target,Figure 8,Percentage of adolescents and young adults with type 1 diabetes and abnormal Urine Albumin Creatinine Ratio (UACR) levels by age at UACR result and diabetes duration,2017-21,England,23,Diabetes duration: 1-4 years,%,16.1,1240.0,200.0
Treatment target,Figure 8,Percentage of adolescents and young adults with type 1 diabetes and abnormal Urine Albumin Creatinine Ratio (UACR) levels by age at UACR result and diabetes duration,2017-21,England,23,Diabetes duration: 5-9 years,%,22.6,1240.0,280.0
Treatment target,Figure 8,Percentage of adolescents and young adults with type 1 diabetes and abnormal Urine Albumin Creatinine Ratio (UACR) levels by age at UACR result and diabetes duration,2017-21,England,23,Diabetes duration: 10+ years,%,56.0,1240.0,695.0
Treatment target,Figure 8,Percentage of adolescents and young adults with type 1 diabetes and abnormal Urine Albumin Creatinine Ratio (UACR) levels by age at UACR result and diabetes duration,2017-21,England,24,Diabetes duration: < 1 year,%,5.2,1255.0,65.0
Treatment target,Figure 8,Percentage of adolescents and young adults with type 1 diabetes and abnormal Urine Albumin Creatinine Ratio (UACR) levels by age at UACR result and diabetes duration,2017-21,England,24,Diabetes duration: 1-4 years,%,13.9,1255.0,175.0
Treatment target,Figure 8,Percentage of adolescents and young adults with type 1 diabetes and abnormal Urine Albumin Creatinine Ratio (UACR) levels by age at UACR result and diabetes duration,2017-21,England,24,Diabetes duration: 5-9 years,%,17.5,1255.0,220.0
Treatment target,Figure 8,Percentage of adolescents and young adults with type 1 diabetes and abnormal Urine Albumin Creatinine Ratio (UACR) levels by age at UACR result and diabetes duration,2017-21,England,24,Diabetes duration: 10+ years,%,62.9,1255.0,790.0
Treatment target,Figure 8,Percentage of adolescents and young adults with type 1 diabetes and abnormal Urine Albumin Creatinine Ratio (UACR) levels by age at UACR result and diabetes duration,2017-21,England,25,Diabetes duration: < 1 year,%,5.1,1285.0,65.0
Treatment target,Figure 8,Percentage of adolescents and young adults with type 1 diabetes and abnormal Urine Albumin Creatinine Ratio (UACR) levels by age at UACR result and diabetes duration,2017-21,England,25,Diabetes duration: 1-4 years,%,13.6,1285.0,175.0
Treatment target,Figure 8,Percentage of adolescents and young adults with type 1 diabetes and abnormal Urine Albumin Creatinine Ratio (UACR) levels by age at UACR result and diabetes duration,2017-21,England,25,Diabetes duration: 5-9 years,%,18.7,1285.0,240.0
Treatment target,Figure 8,Percentage of adolescents and young adults with type 1 diabetes and abnormal Urine Albumin Creatinine Ratio (UACR) levels by age at UACR result and diabetes duration,2017-21,England,25,Diabetes duration: 10+ years,%,63.0,1285.0,810.0
Transfer from paediatric to adult services,Figure 9,Percentage of adolescents and young adults with type 1 diabetes achieving HbA1c <= 58 mmol/mol by age at transfer from paediatric services to adult services,2017-21,England,15,,%,40.0,25.0,10.0
Transfer from paediatric to adult services,Figure 9,Percentage of adolescents and young adults with type 1 diabetes achieving HbA1c <= 58 mmol/mol by age at transfer from paediatric services to adult services,2017-21,England,16,,%,26.4,455.0,120.0
Transfer from paediatric to adult services,Figure 9,Percentage of adolescents and young adults with type 1 diabetes achieving HbA1c <= 58 mmol/mol by age at transfer from paediatric services to adult services,2017-21,England,17,,%,26.9,800.0,215.0
Transfer from paediatric to adult services,Figure 9,Percentage of adolescents and young adults with type 1 diabetes achieving HbA1c <= 58 mmol/mol by age at transfer from paediatric services to adult services,2017-21,England,18,,%,25.1,2070.0,520.0
Transfer from paediatric to adult services,Figure 9,Percentage of adolescents and young adults with type 1 diabetes achieving HbA1c <= 58 mmol/mol by age at transfer from paediatric services to adult services,2017-21,England,19,,%,23.8,1155.0,275.0
Transfer from paediatric to adult services,Figure 9,Percentage of adolescents and young adults with type 1 diabetes achieving HbA1c <= 58 mmol/mol by age at transfer from paediatric services to adult services,2017-21,England,20,,%,26.7,75.0,20.0
Transfer from paediatric to adult services,Figure 10,Percentage of adolescents and young adults with type 1 diabetes and HbA1c > 86 mmol/mol by age at transfer from paediatric services to adult services,2017-21,England,15,,%,20.0,25.0,5.0
Transfer from paediatric to adult services,Figure 10,Percentage of adolescents and young adults with type 1 diabetes and HbA1c > 86 mmol/mol by age at transfer from paediatric services to adult services,2017-21,England,16,,%,20.9,455.0,95.0
Transfer from paediatric to adult services,Figure 10,Percentage of adolescents and young adults with type 1 diabetes and HbA1c > 86 mmol/mol by age at transfer from paediatric services to adult services,2017-21,England,17,,%,21.9,800.0,175.0
Transfer from paediatric to adult services,Figure 10,Percentage of adolescents and young adults with type 1 diabetes and HbA1c > 86 mmol/mol by age at transfer from paediatric services to adult services,2017-21,England,18,,%,23.4,2070.0,485.0
Transfer from paediatric to adult services,Figure 10,Percentage of adolescents and young adults with type 1 diabetes and HbA1c > 86 mmol/mol by age at transfer from paediatric services to adult services,2017-21,England,19,,%,26.0,1155.0,300.0
Transfer from paediatric to adult services,Figure 10,Percentage of adolescents and young adults with type 1 diabetes and HbA1c > 86 mmol/mol by age at transfer from paediatric services to adult services,2017-21,England,20,,%,26.7,75.0,20.0
Diabetic ketoacidosis (DKA) Hospital Inpatient Admissions,Figure 11,Percentage of adolescents and young adults with type 1 diabetes and with at least 1 hospital admission with a diagnosis of diabetic ketoacidosis (DKA) by age at audit year start,2017-21,England,15,,%,5.2,10960.0,575.0
Diabetic ketoacidosis (DKA) Hospital Inpatient Admissions,Figure 11,Percentage of adolescents and young adults with type 1 diabetes and with at least 1 hospital admission with a diagnosis of diabetic ketoacidosis (DKA) by age at audit year start,2017-21,England,16,,%,6.4,11490.0,735.0
Diabetic ketoacidosis (DKA) Hospital Inpatient Admissions,Figure 11,Percentage of adolescents and young adults with type 1 diabetes and with at least 1 hospital admission with a diagnosis of diabetic ketoacidosis (DKA) by age at audit year start,2017-21,England,17,,%,8.2,12140.0,995.0
Diabetic ketoacidosis (DKA) Hospital Inpatient Admissions,Figure 11,Percentage of adolescents and young adults with type 1 diabetes and with at least 1 hospital admission with a diagnosis of diabetic ketoacidosis (DKA) by age at audit year start,2017-21,England,18,,%,9.1,12955.0,1180.0
Diabetic ketoacidosis (DKA) Hospital Inpatient Admissions,Figure 11,Percentage of adolescents and young adults with type 1 diabetes and with at least 1 hospital admission with a diagnosis of diabetic ketoacidosis (DKA) by age at audit year start,2017-21,England,19,,%,8.9,13640.0,1220.0
Diabetic ketoacidosis (DKA) Hospital Inpatient Admissions,Figure 11,Percentage of adolescents and young adults with type 1 diabetes and with at least 1 hospital admission with a diagnosis of diabetic ketoacidosis (DKA) by age at audit year start,2017-21,England,20,,%,8.5,14205.0,1205.0
Diabetic ketoacidosis (DKA) Hospital Inpatient Admissions,Figure 11,Percentage of adolescents and young adults with type 1 diabetes and with at least 1 hospital admission with a diagnosis of diabetic ketoacidosis (DKA) by age at audit year start,2017-21,England,21,,%,8.0,14675.0,1180.0
Diabetic ketoacidosis (DKA) Hospital Inpatient Admissions,Figure 11,Percentage of adolescents and young adults with type 1 diabetes and with at least 1 hospital admission with a diagnosis of diabetic ketoacidosis (DKA) by age at audit year start,2017-21,England,22,,%,7.5,15205.0,1140.0
Diabetic ketoacidosis (DKA) Hospital Inpatient Admissions,Figure 11,Percentage of adolescents and young adults with type 1 diabetes and with at least 1 hospital admission with a diagnosis of diabetic ketoacidosis (DKA) by age at audit year start,2017-21,England,23,,%,6.9,15505.0,1065.0
Diabetic ketoacidosis (DKA) Hospital Inpatient Admissions,Figure 11,Percentage of adolescents and young adults with type 1 diabetes and with at least 1 hospital admission with a diagnosis of diabetic ketoacidosis (DKA) by age at audit year start,2017-21,England,24,,%,6.5,15895.0,1040.0
Diabetic ketoacidosis (DKA) Hospital Inpatient Admissions,Figure 11,Percentage of adolescents and young adults with type 1 diabetes and with at least 1 hospital admission with a diagnosis of diabetic ketoacidosis (DKA) by age at audit year start,2017-21,England,25,,%,6.1,16320.0,995.0
Diabetic ketoacidosis (DKA) Hospital Inpatient Admissions,Figure 12,Percentage of adolescents and young adults with type 1 diabetes and with at least 1 hospital admission with a diagnosis of diabetic ketoacidosis (DKA) by age at audit year start and number of admissions,2017-21,England,15,1 DKA admission,%,3.9,10960.0,430.0
Diabetic ketoacidosis (DKA) Hospital Inpatient Admissions,Figure 12,Percentage of adolescents and young adults with type 1 diabetes and with at least 1 hospital admission with a diagnosis of diabetic ketoacidosis (DKA) by age at audit year start and number of admissions,2017-21,England,15,2 or more DKA admissions,%,1.3,10960.0,145.0
Diabetic ketoacidosis (DKA) Hospital Inpatient Admissions,Figure 12,Percentage of adolescents and young adults with type 1 diabetes and with at least 1 hospital admission with a diagnosis of diabetic ketoacidosis (DKA) by age at audit year start and number of admissions,2017-21,England,16,1 DKA admission,%,4.4,11490.0,510.0
Diabetic ketoacidosis (DKA) Hospital Inpatient Admissions,Figure 12,Percentage of adolescents and young adults with type 1 diabetes and with at least 1 hospital admission with a diagnosis of diabetic ketoacidosis (DKA) by age at audit year start and number of admissions,2017-21,England,16,2 or more DKA admissions,%,1.9,11490.0,220.0
Diabetic ketoacidosis (DKA) Hospital Inpatient Admissions,Figure 12,Percentage of adolescents and young adults with type 1 diabetes and with at least 1 hospital admission with a diagnosis of diabetic ketoacidosis (DKA) by age at audit year start and number of admissions,2017-21,England,17,1 DKA admission,%,5.5,12140.0,670.0
Diabetic ketoacidosis (DKA) Hospital Inpatient Admissions,Figure 12,Percentage of adolescents and young adults with type 1 diabetes and with at least 1 hospital admission with a diagnosis of diabetic ketoacidosis (DKA) by age at audit year start and number of admissions,2017-21,England,17,2 or more DKA admissions,%,2.7,12140.0,325.0
Diabetic ketoacidosis (DKA) Hospital Inpatient Admissions,Figure 12,Percentage of adolescents and young adults with type 1 diabetes and with at least 1 hospital admission with a diagnosis of diabetic ketoacidosis (DKA) by age at audit year start and number of admissions,2017-21,England,18,1 DKA admission,%,6.1,12955.0,785.0
Diabetic ketoacidosis (DKA) Hospital Inpatient Admissions,Figure 12,Percentage of adolescents and young adults with type 1 diabetes and with at least 1 hospital admission with a diagnosis of diabetic ketoacidosis (DKA) by age at audit year start and number of admissions,2017-21,England,18,2 or more DKA admissions,%,3.0,12955.0,395.0
Diabetic ketoacidosis (DKA) Hospital Inpatient Admissions,Figure 12,Percentage of adolescents and young adults with type 1 diabetes and with at least 1 hospital admission with a diagnosis of diabetic ketoacidosis (DKA) by age at audit year start and number of admissions,2017-21,England,19,1 DKA admission,%,6.0,13640.0,820.0
Diabetic ketoacidosis (DKA) Hospital Inpatient Admissions,Figure 12,Percentage of adolescents and young adults with type 1 diabetes and with at least 1 hospital admission with a diagnosis of diabetic ketoacidosis (DKA) by age at audit year start and number of admissions,2017-21,England,19,2 or more DKA admissions,%,3.0,13640.0,405.0
Diabetic ketoacidosis (DKA) Hospital Inpatient Admissions,Figure 12,Percentage of adolescents and young adults with type 1 diabetes and with at least 1 hospital admission with a diagnosis of diabetic ketoacidosis (DKA) by age at audit year start and number of admissions,2017-21,England,20,1 DKA admission,%,5.8,14205.0,825.0
Diabetic ketoacidosis (DKA) Hospital Inpatient Admissions,Figure 12,Percentage of adolescents and young adults with type 1 diabetes and with at least 1 hospital admission with a diagnosis of diabetic ketoacidosis (DKA) by age at audit year start and number of admissions,2017-21,England,20,2 or more DKA admissions,%,2.7,14205.0,380.0
Diabetic ketoacidosis (DKA) Hospital Inpatient Admissions,Figure 12,Percentage of adolescents and young adults with type 1 diabetes and with at least 1 hospital admission with a diagnosis of diabetic ketoacidosis (DKA) by age at audit year start and number of admissions,2017-21,England,21,1 DKA admission,%,5.4,14675.0,790.0
Diabetic ketoacidosis (DKA) Hospital Inpatient Admissions,Figure 12,Percentage of adolescents and young adults with type 1 diabetes and with at least 1 hospital admission with a diagnosis of diabetic ketoacidosis (DKA) by age at audit year start and number of admissions,2017-21,England,21,2 or more DKA admissions,%,2.7,14675.0,390.0
Diabetic ketoacidosis (DKA) Hospital Inpatient Admissions,Figure 12,Percentage of adolescents and young adults with type 1 diabetes and with at least 1 hospital admission with a diagnosis of diabetic ketoacidosis (DKA) by age at audit year start and number of admissions,2017-21,England,22,1 DKA admission,%,5.2,15205.0,790.0
Diabetic ketoacidosis (DKA) Hospital Inpatient Admissions,Figure 12,Percentage of adolescents and young adults with type 1 diabetes and with at least 1 hospital admission with a diagnosis of diabetic ketoacidosis (DKA) by age at audit year start and number of admissions,2017-21,England,22,2 or more DKA admissions,%,2.3,15205.0,350.0
Diabetic ketoacidosis (DKA) Hospital Inpatient Admissions,Figure 12,Percentage of adolescents and young adults with type 1 diabetes and with at least 1 hospital admission with a diagnosis of diabetic ketoacidosis (DKA) by age at audit year start and number of admissions,2017-21,England,23,1 DKA admission,%,4.8,15505.0,750.0
Diabetic ketoacidosis (DKA) Hospital Inpatient Admissions,Figure 12,Percentage of adolescents and young adults with type 1 diabetes and with at least 1 hospital admission with a diagnosis of diabetic ketoacidosis (DKA) by age at audit year start and number of admissions,2017-21,England,23,2 or more DKA admissions,%,2.0,15505.0,315.0
Diabetic ketoacidosis (DKA) Hospital Inpatient Admissions,Figure 12,Percentage of adolescents and young adults with type 1 diabetes and with at least 1 hospital admission with a diagnosis of diabetic ketoacidosis (DKA) by age at audit year start and number of admissions,2017-21,England,24,1 DKA admission,%,4.5,15895.0,710.0
Diabetic ketoacidosis (DKA) Hospital Inpatient Admissions,Figure 12,Percentage of adolescents and young adults with type 1 diabetes and with at least 1 hospital admission with a diagnosis of diabetic ketoacidosis (DKA) by age at audit year start and number of admissions,2017-21,England,24,2 or more DKA admissions,%,2.1,15895.0,330.0
Diabetic ketoacidosis (DKA) Hospital Inpatient Admissions,Figure 12,Percentage of adolescents and young adults with type 1 diabetes and with at least 1 hospital admission with a diagnosis of diabetic ketoacidosis (DKA) by age at audit year start and number of admissions,2017-21,England,25,1 DKA admission,%,4.2,16320.0,690.0
Diabetic ketoacidosis (DKA) Hospital Inpatient Admissions,Figure 12,Percentage of adolescents and young adults with type 1 diabetes and with at least 1 hospital admission with a diagnosis of diabetic ketoacidosis (DKA) by age at audit year start and number of admissions,2017-21,England,25,2 or more DKA admissions,%,1.9,16320.0,305.0
Insulin pump,Figure 13,Percentage of adolescents and young adults with type 1 diabetes on an insulin pump by age at audit year start,2017-21,England,15,,%,33.3,10960.0,3650.0
Insulin pump,Figure 13,Percentage of adolescents and young adults with type 1 diabetes on an insulin pump by age at audit year start,2017-21,England,16,,%,30.5,11490.0,3510.0
Insulin pump,Figure 13,Percentage of adolescents and young adults with type 1 diabetes on an insulin pump by age at audit year start,2017-21,England,17,,%,27.1,12140.0,3295.0
Insulin pump,Figure 13,Percentage of adolescents and young adults with type 1 diabetes on an insulin pump by age at audit year start,2017-21,England,18,,%,22.9,12955.0,2965.0
Insulin pump,Figure 13,Percentage of adolescents and young adults with type 1 diabetes on an insulin pump by age at audit year start,2017-21,England,19,,%,19.3,13640.0,2630.0
Insulin pump,Figure 13,Percentage of adolescents and young adults with type 1 diabetes on an insulin pump by age at audit year start,2017-21,England,20,,%,16.9,14205.0,2405.0
Insulin pump,Figure 13,Percentage of adolescents and young adults with type 1 diabetes on an insulin pump by age at audit year start,2017-21,England,21,,%,15.1,14675.0,2210.0
Insulin pump,Figure 13,Percentage of adolescents and young adults with type 1 diabetes on an insulin pump by age at audit year start,2017-21,England,22,,%,13.7,15205.0,2085.0
Insulin pump,Figure 13,Percentage of adolescents and young adults with type 1 diabetes on an insulin pump by age at audit year start,2017-21,England,23,,%,12.7,15505.0,1965.0
Insulin pump,Figure 13,Percentage of adolescents and young adults with type 1 diabetes on an insulin pump by age at audit year start,2017-21,England,24,,%,12.2,15895.0,1935.0
Insulin pump,Figure 13,Percentage of adolescents and young adults with type 1 diabetes on an insulin pump by age at audit year start,2017-21,England,25,,%,12.1,16320.0,1970.0
Insulin pump,Table 6,Number and percentage of adolescents and young adults with type 1 diabetes on an insulin pump in NPDA and then on an insulin pump later in NDA,2017-21,England,15-25,Total on insulin pump in NPDA,%,100.0,4415.0,4415.0
Insulin pump,Table 6,Number and percentage of adolescents and young adults with type 1 diabetes on an insulin pump in NPDA and then on an insulin pump later in NDA,2017-21,England,15-25,On insulin pump in NDA,%,81.9,4415.0,3615.0
Insulin pump,Table 6,Number and percentage of adolescents and young adults with type 1 diabetes on an insulin pump in NPDA and then on an insulin pump later in NDA,2017-21,England,15-25,Not on insulin pump in NDA,%,18.1,4415.0,800.0
Insulin pump,Figure 14,Percentage of adolescents and young adults with type 1 diabetes achieving HbA1c <= 58 mmol/mol by age at audit year start and insulin pump usage,2017-21,England,15,On insulin pump,%,37.7,3115.0,1175.0
Insulin pump,Figure 14,Percentage of adolescents and young adults with type 1 diabetes achieving HbA1c <= 58 mmol/mol by age at audit year start and insulin pump usage,2017-21,England,15,Not on insulin pump,%,28.3,5875.0,1665.0
Insulin pump,Figure 14,Percentage of adolescents and young adults with type 1 diabetes achieving HbA1c <= 58 mmol/mol by age at audit year start and insulin pump usage,2017-21,England,16,On insulin pump,%,34.7,3085.0,1070.0
Insulin pump,Figure 14,Percentage of adolescents and young adults with type 1 diabetes achieving HbA1c <= 58 mmol/mol by age at audit year start and insulin pump usage,2017-21,England,16,Not on insulin pump,%,26.4,6700.0,1770.0
Insulin pump,Figure 14,Percentage of adolescents and young adults with type 1 diabetes achieving HbA1c <= 58 mmol/mol by age at audit year start and insulin pump usage,2017-21,England,17,On insulin pump,%,31.0,2935.0,910.0
Insulin pump,Figure 14,Percentage of adolescents and young adults with type 1 diabetes achieving HbA1c <= 58 mmol/mol by age at audit year start and insulin pump usage,2017-21,England,17,Not on insulin pump,%,24.5,7470.0,1830.0
Insulin pump,Figure 14,Percentage of adolescents and young adults with type 1 diabetes achieving HbA1c <= 58 mmol/mol by age at audit year start and insulin pump usage,2017-21,England,18,On insulin pump,%,28.3,2575.0,730.0
Insulin pump,Figure 14,Percentage of adolescents and young adults with type 1 diabetes achieving HbA1c <= 58 mmol/mol by age at audit year start and insulin pump usage,2017-21,England,18,Not on insulin pump,%,22.7,8065.0,1830.0
Insulin pump,Figure 14,Percentage of adolescents and young adults with type 1 diabetes achieving HbA1c <= 58 mmol/mol by age at audit year start and insulin pump usage,2017-21,England,19,On insulin pump,%,25.2,2160.0,545.0
Insulin pump,Figure 14,Percentage of adolescents and young adults with type 1 diabetes achieving HbA1c <= 58 mmol/mol by age at audit year start and insulin pump usage,2017-21,England,19,Not on insulin pump,%,21.3,8460.0,1800.0
Insulin pump,Figure 14,Percentage of adolescents and young adults with type 1 diabetes achieving HbA1c <= 58 mmol/mol by age at audit year start and insulin pump usage,2017-21,England,20,On insulin pump,%,26.2,1945.0,510.0
Insulin pump,Figure 14,Percentage of adolescents and young adults with type 1 diabetes achieving HbA1c <= 58 mmol/mol by age at audit year start and insulin pump usage,2017-21,England,20,Not on insulin pump,%,20.9,9120.0,1910.0
Insulin pump,Figure 14,Percentage of adolescents and young adults with type 1 diabetes achieving HbA1c <= 58 mmol/mol by age at audit year start and insulin pump usage,2017-21,England,21,On insulin pump,%,26.4,1835.0,485.0
Insulin pump,Figure 14,Percentage of adolescents and young adults with type 1 diabetes achieving HbA1c <= 58 mmol/mol by age at audit year start and insulin pump usage,2017-21,England,21,Not on insulin pump,%,22.6,9655.0,2185.0
Insulin pump,Figure 14,Percentage of adolescents and young adults with type 1 diabetes achieving HbA1c <= 58 mmol/mol by age at audit year start and insulin pump usage,2017-21,England,22,On insulin pump,%,26.7,1740.0,465.0
Insulin pump,Figure 14,Percentage of adolescents and young adults with type 1 diabetes achieving HbA1c <= 58 mmol/mol by age at audit year start and insulin pump usage,2017-21,England,22,Not on insulin pump,%,23.6,10315.0,2435.0
Insulin pump,Figure 14,Percentage of adolescents and young adults with type 1 diabetes achieving HbA1c <= 58 mmol/mol by age at audit year start and insulin pump usage,2017-21,England,23,On insulin pump,%,31.9,1660.0,530.0
Insulin pump,Figure 14,Percentage of adolescents and young adults with type 1 diabetes achieving HbA1c <= 58 mmol/mol by age at audit year start and insulin pump usage,2017-21,England,23,Not on insulin pump,%,24.1,10705.0,2580.0
Insulin pump,Figure 14,Percentage of adolescents and young adults with type 1 diabetes achieving HbA1c <= 58 mmol/mol by age at audit year start and insulin pump usage,2017-21,England,24,On insulin pump,%,31.9,1645.0,525.0
Insulin pump,Figure 14,Percentage of adolescents and young adults with type 1 diabetes achieving HbA1c <= 58 mmol/mol by age at audit year start and insulin pump usage,2017-21,England,24,Not on insulin pump,%,25.0,11000.0,2755.0
Insulin pump,Figure 14,Percentage of adolescents and young adults with type 1 diabetes achieving HbA1c <= 58 mmol/mol by age at audit year start and insulin pump usage,2017-21,England,25,On insulin pump,%,35.8,1705.0,610.0
Insulin pump,Figure 14,Percentage of adolescents and young adults with type 1 diabetes achieving HbA1c <= 58 mmol/mol by age at audit year start and insulin pump usage,2017-21,England,25,Not on insulin pump,%,26.0,11435.0,2970.0
Insulin pump,Figure 15,Percentage of adolescents and young adults with type 1 diabetes with HbA1c > 86 mmol/mol by age at audit year and insulin pump usage,2017-21,England,15,On insulin pump,%,9.3,3115.0,290.0
Insulin pump,Figure 15,Percentage of adolescents and young adults with type 1 diabetes with HbA1c > 86 mmol/mol by age at audit year and insulin pump usage,2017-21,England,15,Not on insulin pump,%,23.4,5875.0,1375.0
Insulin pump,Figure 15,Percentage of adolescents and young adults with type 1 diabetes with HbA1c > 86 mmol/mol by age at audit year and insulin pump usage,2017-21,England,16,On insulin pump,%,11.2,3085.0,345.0
Insulin pump,Figure 15,Percentage of adolescents and young adults with type 1 diabetes with HbA1c > 86 mmol/mol by age at audit year and insulin pump usage,2017-21,England,16,Not on insulin pump,%,26.7,6700.0,1790.0
Insulin pump,Figure 15,Percentage of adolescents and young adults with type 1 diabetes with HbA1c > 86 mmol/mol by age at audit year and insulin pump usage,2017-21,England,17,On insulin pump,%,13.8,2935.0,405.0
Insulin pump,Figure 15,Percentage of adolescents and young adults with type 1 diabetes with HbA1c > 86 mmol/mol by age at audit year and insulin pump usage,2017-21,England,17,Not on insulin pump,%,29.5,7470.0,2205.0
Insulin pump,Figure 15,Percentage of adolescents and young adults with type 1 diabetes with HbA1c > 86 mmol/mol by age at audit year and insulin pump usage,2017-21,England,18,On insulin pump,%,17.7,2575.0,455.0
Insulin pump,Figure 15,Percentage of adolescents and young adults with type 1 diabetes with HbA1c > 86 mmol/mol by age at audit year and insulin pump usage,2017-21,England,18,Not on insulin pump,%,31.1,8065.0,2510.0
Insulin pump,Figure 15,Percentage of adolescents and young adults with type 1 diabetes with HbA1c > 86 mmol/mol by age at audit year and insulin pump usage,2017-21,England,19,On insulin pump,%,19.4,2160.0,420.0
Insulin pump,Figure 15,Percentage of adolescents and young adults with type 1 diabetes with HbA1c > 86 mmol/mol by age at audit year and insulin pump usage,2017-21,England,19,Not on insulin pump,%,31.6,8460.0,2670.0
Insulin pump,Figure 15,Percentage of adolescents and young adults with type 1 diabetes with HbA1c > 86 mmol/mol by age at audit year and insulin pump usage,2017-21,England,20,On insulin pump,%,17.5,1945.0,340.0
Insulin pump,Figure 15,Percentage of adolescents and young adults with type 1 diabetes with HbA1c > 86 mmol/mol by age at audit year and insulin pump usage,2017-21,England,20,Not on insulin pump,%,31.0,9120.0,2825.0
Insulin pump,Figure 15,Percentage of adolescents and young adults with type 1 diabetes with HbA1c > 86 mmol/mol by age at audit year and insulin pump usage,2017-21,England,21,On insulin pump,%,16.9,1835.0,310.0
Insulin pump,Figure 15,Percentage of adolescents and young adults with type 1 diabetes with HbA1c > 86 mmol/mol by age at audit year and insulin pump usage,2017-21,England,21,Not on insulin pump,%,29.4,9655.0,2840.0
Insulin pump,Figure 15,Percentage of adolescents and young adults with type 1 diabetes with HbA1c > 86 mmol/mol by age at audit year and insulin pump usage,2017-21,England,22,On insulin pump,%,14.7,1740.0,255.0
Insulin pump,Figure 15,Percentage of adolescents and young adults with type 1 diabetes with HbA1c > 86 mmol/mol by age at audit year and insulin pump usage,2017-21,England,22,Not on insulin pump,%,27.3,10315.0,2820.0
Insulin pump,Figure 15,Percentage of adolescents and young adults with type 1 diabetes with HbA1c > 86 mmol/mol by age at audit year and insulin pump usage,2017-21,England,23,On insulin pump,%,13.6,1660.0,225.0
Insulin pump,Figure 15,Percentage of adolescents and young adults with type 1 diabetes with HbA1c > 86 mmol/mol by age at audit year and insulin pump usage,2017-21,England,23,Not on insulin pump,%,26.9,10705.0,2880.0
Insulin pump,Figure 15,Percentage of adolescents and young adults with type 1 diabetes with HbA1c > 86 mmol/mol by age at audit year and insulin pump usage,2017-21,England,24,On insulin pump,%,12.8,1645.0,210.0
Insulin pump,Figure 15,Percentage of adolescents and young adults with type 1 diabetes with HbA1c > 86 mmol/mol by age at audit year and insulin pump usage,2017-21,England,24,Not on insulin pump,%,25.6,11000.0,2820.0
Insulin pump,Figure 15,Percentage of adolescents and young adults with type 1 diabetes with HbA1c > 86 mmol/mol by age at audit year and insulin pump usage,2017-21,England,25,On insulin pump,%,11.4,1705.0,195.0
Insulin pump,Figure 15,Percentage of adolescents and young adults with type 1 diabetes with HbA1c > 86 mmol/mol by age at audit year and insulin pump usage,2017-21,England,25,Not on insulin pump,%,24.6,11435.0,2815.0
Insulin pump,Figure 16,Median HbA1c result (mmol/mol) by age at audit year start and insulin pump usage,2017-21,England,15,On insulin pump,n,62.0,,
Insulin pump,Figure 16,Median HbA1c result (mmol/mol) by age at audit year start and insulin pump usage,2017-21,England,16,On insulin pump,n,63.9,,
Insulin pump,Figure 16,Median HbA1c result (mmol/mol) by age at audit year start and insulin pump usage,2017-21,England,17,On insulin pump,n,65.0,,
Insulin pump,Figure 16,Median HbA1c result (mmol/mol) by age at audit year start and insulin pump usage,2017-21,England,18,On insulin pump,n,67.0,,
Insulin pump,Figure 16,Median HbA1c result (mmol/mol) by age at audit year start and insulin pump usage,2017-21,England,19,On insulin pump,n,69.0,,
Insulin pump,Figure 16,Median HbA1c result (mmol/mol) by age at audit year start and insulin pump usage,2017-21,England,20,On insulin pump,n,67.0,,
Insulin pump,Figure 16,Median HbA1c result (mmol/mol) by age at audit year start and insulin pump usage,2017-21,England,21,On insulin pump,n,67.0,,
Insulin pump,Figure 16,Median HbA1c result (mmol/mol) by age at audit year start and insulin pump usage,2017-21,England,22,On insulin pump,n,67.0,,
Insulin pump,Figure 16,Median HbA1c result (mmol/mol) by age at audit year start and insulin pump usage,2017-21,England,23,On insulin pump,n,65.0,,
Insulin pump,Figure 16,Median HbA1c result (mmol/mol) by age at audit year start and insulin pump usage,2017-21,England,24,On insulin pump,n,65.0,,
Insulin pump,Figure 16,Median HbA1c result (mmol/mol) by age at audit year start and insulin pump usage,2017-21,England,25,On insulin pump,n,63.0,,
Insulin pump,Figure 16,Median HbA1c result (mmol/mol) by age at audit year start and insulin pump usage,2017-21,England,15,Not on insulin pump,n,68.0,,
Insulin pump,Figure 16,Median HbA1c result (mmol/mol) by age at audit year start and insulin pump usage,2017-21,England,16,Not on insulin pump,n,70.0,,
Insulin pump,Figure 16,Median HbA1c result (mmol/mol) by age at audit year start and insulin pump usage,2017-21,England,17,Not on insulin pump,n,71.0,,
Insulin pump,Figure 16,Median HbA1c result (mmol/mol) by age at audit year start and insulin pump usage,2017-21,England,18,Not on insulin pump,n,73.0,,
Insulin pump,Figure 16,Median HbA1c result (mmol/mol) by age at audit year start and insulin pump usage,2017-21,England,19,Not on insulin pump,n,74.0,,
Insulin pump,Figure 16,Median HbA1c result (mmol/mol) by age at audit year start and insulin pump usage,2017-21,England,20,Not on insulin pump,n,74.0,,
Insulin pump,Figure 16,Median HbA1c result (mmol/mol) by age at audit year start and insulin pump usage,2017-21,England,21,Not on insulin pump,n,73.0,,
Insulin pump,Figure 16,Median HbA1c result (mmol/mol) by age at audit year start and insulin pump usage,2017-21,England,22,Not on insulin pump,n,72.0,,
Insulin pump,Figure 16,Median HbA1c result (mmol/mol) by age at audit year start and insulin pump usage,2017-21,England,23,Not on insulin pump,n,71.0,,
Insulin pump,Figure 16,Median HbA1c result (mmol/mol) by age at audit year start and insulin pump usage,2017-21,England,24,Not on insulin pump,n,71.0,,
Insulin pump,Figure 16,Median HbA1c result (mmol/mol) by age at audit year start and insulin pump usage,2017-21,England,25,Not on insulin pump,n,70.0,,
Insulin pump,Figure 17,Mean HbA1c result (mmol/mol) by age at audit year start and insulin pump usage,2017-21,England,15,On insulin pump,n,65.3,,
Insulin pump,Figure 17,Mean HbA1c result (mmol/mol) by age at audit year start and insulin pump usage,2017-21,England,16,On insulin pump,n,66.8,,
Insulin pump,Figure 17,Mean HbA1c result (mmol/mol) by age at audit year start and insulin pump usage,2017-21,England,17,On insulin pump,n,68.9,,
Insulin pump,Figure 17,Mean HbA1c result (mmol/mol) by age at audit year start and insulin pump usage,2017-21,England,18,On insulin pump,n,70.5,,
Insulin pump,Figure 17,Mean HbA1c result (mmol/mol) by age at audit year start and insulin pump usage,2017-21,England,19,On insulin pump,n,72.2,,
Insulin pump,Figure 17,Mean HbA1c result (mmol/mol) by age at audit year start and insulin pump usage,2017-21,England,20,On insulin pump,n,70.9,,
Insulin pump,Figure 17,Mean HbA1c result (mmol/mol) by age at audit year start and insulin pump usage,2017-21,England,21,On insulin pump,n,70.7,,
Insulin pump,Figure 17,Mean HbA1c result (mmol/mol) by age at audit year start and insulin pump usage,2017-21,England,22,On insulin pump,n,69.6,,
Insulin pump,Figure 17,Mean HbA1c result (mmol/mol) by age at audit year start and insulin pump usage,2017-21,England,23,On insulin pump,n,68.1,,
Insulin pump,Figure 17,Mean HbA1c result (mmol/mol) by age at audit year start and insulin pump usage,2017-21,England,24,On insulin pump,n,67.7,,
Insulin pump,Figure 17,Mean HbA1c result (mmol/mol) by age at audit year start and insulin pump usage,2017-21,England,25,On insulin pump,n,66.2,,
Insulin pump,Figure 17,Mean HbA1c result (mmol/mol) by age at audit year start and insulin pump usage,2017-21,England,15,Not on insulin pump,n,73.2,,
Insulin pump,Figure 17,Mean HbA1c result (mmol/mol) by age at audit year start and insulin pump usage,2017-21,England,16,Not on insulin pump,n,75.2,,
Insulin pump,Figure 17,Mean HbA1c result (mmol/mol) by age at audit year start and insulin pump usage,2017-21,England,17,Not on insulin pump,n,77.0,,
Insulin pump,Figure 17,Mean HbA1c result (mmol/mol) by age at audit year start and insulin pump usage,2017-21,England,18,Not on insulin pump,n,78.0,,
Insulin pump,Figure 17,Mean HbA1c result (mmol/mol) by age at audit year start and insulin pump usage,2017-21,England,19,Not on insulin pump,n,78.3,,
Insulin pump,Figure 17,Mean HbA1c result (mmol/mol) by age at audit year start and insulin pump usage,2017-21,England,20,Not on insulin pump,n,77.8,,
Insulin pump,Figure 17,Mean HbA1c result (mmol/mol) by age at audit year start and insulin pump usage,2017-21,England,21,Not on insulin pump,n,77.0,,
Insulin pump,Figure 17,Mean HbA1c result (mmol/mol) by age at audit year start and insulin pump usage,2017-21,England,22,Not on insulin pump,n,75.9,,
Insulin pump,Figure 17,Mean HbA1c result (mmol/mol) by age at audit year start and insulin pump usage,2017-21,England,23,Not on insulin pump,n,75.3,,
Insulin pump,Figure 17,Mean HbA1c result (mmol/mol) by age at audit year start and insulin pump usage,2017-21,England,24,Not on insulin pump,n,74.6,,
Insulin pump,Figure 17,Mean HbA1c result (mmol/mol) by age at audit year start and insulin pump usage,2017-21,England,25,Not on insulin pump,n,73.9,,
Insulin pump,Figure 18,"Percentage of adolescents and young adults with type 1 diabetes and with at least 1 hospital admission with a diagnosis of diabetic ketoacidosis (DKA) by age at audit year start, insulin pump usage and number of admissions",2017-21,England,15,On insulin pump: 1 DKA admission,%,3.2,3650.0,115.0
Insulin pump,Figure 18,"Percentage of adolescents and young adults with type 1 diabetes and with at least 1 hospital admission with a diagnosis of diabetic ketoacidosis (DKA) by age at audit year start, insulin pump usage and number of admissions",2017-21,England,15,On insulin pump: 2 or more DKA admissions,%,0.7,3650.0,25.0
Insulin pump,Figure 18,"Percentage of adolescents and young adults with type 1 diabetes and with at least 1 hospital admission with a diagnosis of diabetic ketoacidosis (DKA) by age at audit year start, insulin pump usage and number of admissions",2017-21,England,15,Not on insulin pump: 1 DKA admission,%,4.3,7310.0,315.0
Insulin pump,Figure 18,"Percentage of adolescents and young adults with type 1 diabetes and with at least 1 hospital admission with a diagnosis of diabetic ketoacidosis (DKA) by age at audit year start, insulin pump usage and number of admissions",2017-21,England,15,Not on insulin pump: 2 or more DKA admissions,%,1.6,7310.0,120.0
Insulin pump,Figure 18,"Percentage of adolescents and young adults with type 1 diabetes and with at least 1 hospital admission with a diagnosis of diabetic ketoacidosis (DKA) by age at audit year start, insulin pump usage and number of admissions",2017-21,England,16,On insulin pump: 1 DKA admission,%,3.0,3510.0,105.0
Insulin pump,Figure 18,"Percentage of adolescents and young adults with type 1 diabetes and with at least 1 hospital admission with a diagnosis of diabetic ketoacidosis (DKA) by age at audit year start, insulin pump usage and number of admissions",2017-21,England,16,On insulin pump: 2 or more DKA admissions,%,0.7,3510.0,25.0
Insulin pump,Figure 18,"Percentage of adolescents and young adults with type 1 diabetes and with at least 1 hospital admission with a diagnosis of diabetic ketoacidosis (DKA) by age at audit year start, insulin pump usage and number of admissions",2017-21,England,16,Not on insulin pump: 1 DKA admission,%,5.1,7980.0,405.0
Insulin pump,Figure 18,"Percentage of adolescents and young adults with type 1 diabetes and with at least 1 hospital admission with a diagnosis of diabetic ketoacidosis (DKA) by age at audit year start, insulin pump usage and number of admissions",2017-21,England,16,Not on insulin pump: 2 or more DKA admissions,%,2.4,7980.0,195.0
Insulin pump,Figure 18,"Percentage of adolescents and young adults with type 1 diabetes and with at least 1 hospital admission with a diagnosis of diabetic ketoacidosis (DKA) by age at audit year start, insulin pump usage and number of admissions",2017-21,England,17,On insulin pump: 1 DKA admission,%,4.9,3295.0,160.0
Insulin pump,Figure 18,"Percentage of adolescents and young adults with type 1 diabetes and with at least 1 hospital admission with a diagnosis of diabetic ketoacidosis (DKA) by age at audit year start, insulin pump usage and number of admissions",2017-21,England,17,On insulin pump: 2 or more DKA admissions,%,1.2,3295.0,40.0
Insulin pump,Figure 18,"Percentage of adolescents and young adults with type 1 diabetes and with at least 1 hospital admission with a diagnosis of diabetic ketoacidosis (DKA) by age at audit year start, insulin pump usage and number of admissions",2017-21,England,17,Not on insulin pump: 1 DKA admission,%,5.8,8845.0,510.0
Insulin pump,Figure 18,"Percentage of adolescents and young adults with type 1 diabetes and with at least 1 hospital admission with a diagnosis of diabetic ketoacidosis (DKA) by age at audit year start, insulin pump usage and number of admissions",2017-21,England,17,Not on insulin pump: 2 or more DKA admissions,%,3.2,8845.0,285.0
Insulin pump,Figure 18,"Percentage of adolescents and young adults with type 1 diabetes and with at least 1 hospital admission with a diagnosis of diabetic ketoacidosis (DKA) by age at audit year start, insulin pump usage and number of admissions",2017-21,England,18,On insulin pump: 1 DKA admission,%,5.4,2965.0,160.0
Insulin pump,Figure 18,"Percentage of adolescents and young adults with type 1 diabetes and with at least 1 hospital admission with a diagnosis of diabetic ketoacidosis (DKA) by age at audit year start, insulin pump usage and number of admissions",2017-21,England,18,On insulin pump: 2 or more DKA admissions,%,2.0,2965.0,60.0
Insulin pump,Figure 18,"Percentage of adolescents and young adults with type 1 diabetes and with at least 1 hospital admission with a diagnosis of diabetic ketoacidosis (DKA) by age at audit year start, insulin pump usage and number of admissions",2017-21,England,18,Not on insulin pump: 1 DKA admission,%,6.3,9990.0,625.0
Insulin pump,Figure 18,"Percentage of adolescents and young adults with type 1 diabetes and with at least 1 hospital admission with a diagnosis of diabetic ketoacidosis (DKA) by age at audit year start, insulin pump usage and number of admissions",2017-21,England,18,Not on insulin pump: 2 or more DKA admissions,%,3.4,9990.0,335.0
Insulin pump,Figure 18,"Percentage of adolescents and young adults with type 1 diabetes and with at least 1 hospital admission with a diagnosis of diabetic ketoacidosis (DKA) by age at audit year start, insulin pump usage and number of admissions",2017-21,England,19,On insulin pump: 1 DKA admission,%,4.8,2630.0,125.0
Insulin pump,Figure 18,"Percentage of adolescents and young adults with type 1 diabetes and with at least 1 hospital admission with a diagnosis of diabetic ketoacidosis (DKA) by age at audit year start, insulin pump usage and number of admissions",2017-21,England,19,On insulin pump: 2 or more DKA admissions,%,1.9,2630.0,50.0
Insulin pump,Figure 18,"Percentage of adolescents and young adults with type 1 diabetes and with at least 1 hospital admission with a diagnosis of diabetic ketoacidosis (DKA) by age at audit year start, insulin pump usage and number of admissions",2017-21,England,19,Not on insulin pump: 1 DKA admission,%,6.3,11015.0,690.0
Insulin pump,Figure 18,"Percentage of adolescents and young adults with type 1 diabetes and with at least 1 hospital admission with a diagnosis of diabetic ketoacidosis (DKA) by age at audit year start, insulin pump usage and number of admissions",2017-21,England,19,Not on insulin pump: 2 or more DKA admissions,%,3.2,11015.0,355.0
Insulin pump,Figure 18,"Percentage of adolescents and young adults with type 1 diabetes and with at least 1 hospital admission with a diagnosis of diabetic ketoacidosis (DKA) by age at audit year start, insulin pump usage and number of admissions",2017-21,England,20,On insulin pump: 1 DKA admission,%,5.8,2405.0,140.0
Insulin pump,Figure 18,"Percentage of adolescents and young adults with type 1 diabetes and with at least 1 hospital admission with a diagnosis of diabetic ketoacidosis (DKA) by age at audit year start, insulin pump usage and number of admissions",2017-21,England,20,On insulin pump: 2 or more DKA admissions,%,1.5,2405.0,35.0
Insulin pump,Figure 18,"Percentage of adolescents and young adults with type 1 diabetes and with at least 1 hospital admission with a diagnosis of diabetic ketoacidosis (DKA) by age at audit year start, insulin pump usage and number of admissions",2017-21,England,20,Not on insulin pump: 1 DKA admission,%,5.8,11800.0,690.0
Insulin pump,Figure 18,"Percentage of adolescents and young adults with type 1 diabetes and with at least 1 hospital admission with a diagnosis of diabetic ketoacidosis (DKA) by age at audit year start, insulin pump usage and number of admissions",2017-21,England,20,Not on insulin pump: 2 or more DKA admissions,%,2.9,11800.0,340.0
Insulin pump,Figure 18,"Percentage of adolescents and young adults with type 1 diabetes and with at least 1 hospital admission with a diagnosis of diabetic ketoacidosis (DKA) by age at audit year start, insulin pump usage and number of admissions",2017-21,England,21,On insulin pump: 1 DKA admission,%,5.7,2210.0,125.0
Insulin pump,Figure 18,"Percentage of adolescents and young adults with type 1 diabetes and with at least 1 hospital admission with a diagnosis of diabetic ketoacidosis (DKA) by age at audit year start, insulin pump usage and number of admissions",2017-21,England,21,On insulin pump: 2 or more DKA admissions,%,1.6,2210.0,35.0
Insulin pump,Figure 18,"Percentage of adolescents and young adults with type 1 diabetes and with at least 1 hospital admission with a diagnosis of diabetic ketoacidosis (DKA) by age at audit year start, insulin pump usage and number of admissions",2017-21,England,21,Not on insulin pump: 1 DKA admission,%,5.3,12465.0,665.0
Insulin pump,Figure 18,"Percentage of adolescents and young adults with type 1 diabetes and with at least 1 hospital admission with a diagnosis of diabetic ketoacidosis (DKA) by age at audit year start, insulin pump usage and number of admissions",2017-21,England,21,Not on insulin pump: 2 or more DKA admissions,%,2.8,12465.0,355.0
Insulin pump,Figure 18,"Percentage of adolescents and young adults with type 1 diabetes and with at least 1 hospital admission with a diagnosis of diabetic ketoacidosis (DKA) by age at audit year start, insulin pump usage and number of admissions",2017-21,England,22,On insulin pump: 1 DKA admission,%,5.5,2085.0,115.0
Insulin pump,Figure 18,"Percentage of adolescents and young adults with type 1 diabetes and with at least 1 hospital admission with a diagnosis of diabetic ketoacidosis (DKA) by age at audit year start, insulin pump usage and number of admissions",2017-21,England,22,On insulin pump: 2 or more DKA admissions,%,1.7,2085.0,35.0
Insulin pump,Figure 18,"Percentage of adolescents and young adults with type 1 diabetes and with at least 1 hospital admission with a diagnosis of diabetic ketoacidosis (DKA) by age at audit year start, insulin pump usage and number of admissions",2017-21,England,22,Not on insulin pump: 1 DKA admission,%,5.1,13120.0,675.0
Insulin pump,Figure 18,"Percentage of adolescents and young adults with type 1 diabetes and with at least 1 hospital admission with a diagnosis of diabetic ketoacidosis (DKA) by age at audit year start, insulin pump usage and number of admissions",2017-21,England,22,Not on insulin pump: 2 or more DKA admissions,%,2.4,13120.0,310.0
Insulin pump,Figure 18,"Percentage of adolescents and young adults with type 1 diabetes and with at least 1 hospital admission with a diagnosis of diabetic ketoacidosis (DKA) by age at audit year start, insulin pump usage and number of admissions",2017-21,England,23,On insulin pump: 1 DKA admission,%,5.1,1965.0,100.0
Insulin pump,Figure 18,"Percentage of adolescents and young adults with type 1 diabetes and with at least 1 hospital admission with a diagnosis of diabetic ketoacidosis (DKA) by age at audit year start, insulin pump usage and number of admissions",2017-21,England,23,On insulin pump: 2 or more DKA admissions,%,2.0,1965.0,40.0
Insulin pump,Figure 18,"Percentage of adolescents and young adults with type 1 diabetes and with at least 1 hospital admission with a diagnosis of diabetic ketoacidosis (DKA) by age at audit year start, insulin pump usage and number of admissions",2017-21,England,23,Not on insulin pump: 1 DKA admission,%,4.8,13540.0,655.0
Insulin pump,Figure 18,"Percentage of adolescents and young adults with type 1 diabetes and with at least 1 hospital admission with a diagnosis of diabetic ketoacidosis (DKA) by age at audit year start, insulin pump usage and number of admissions",2017-21,England,23,Not on insulin pump: 2 or more DKA admissions,%,2.0,13540.0,275.0
Insulin pump,Figure 18,"Percentage of adolescents and young adults with type 1 diabetes and with at least 1 hospital admission with a diagnosis of diabetic ketoacidosis (DKA) by age at audit year start, insulin pump usage and number of admissions",2017-21,England,24,On insulin pump: 1 DKA admission,%,4.1,1935.0,80.0
Insulin pump,Figure 18,"Percentage of adolescents and young adults with type 1 diabetes and with at least 1 hospital admission with a diagnosis of diabetic ketoacidosis (DKA) by age at audit year start, insulin pump usage and number of admissions",2017-21,England,24,On insulin pump: 2 or more DKA admissions,%,1.6,1935.0,30.0
Insulin pump,Figure 18,"Percentage of adolescents and young adults with type 1 diabetes and with at least 1 hospital admission with a diagnosis of diabetic ketoacidosis (DKA) by age at audit year start, insulin pump usage and number of admissions",2017-21,England,24,Not on insulin pump: 1 DKA admission,%,4.5,13955.0,625.0
Insulin pump,Figure 18,"Percentage of adolescents and young adults with type 1 diabetes and with at least 1 hospital admission with a diagnosis of diabetic ketoacidosis (DKA) by age at audit year start, insulin pump usage and number of admissions",2017-21,England,24,Not on insulin pump: 2 or more DKA admissions,%,2.1,13955.0,295.0
Insulin pump,Figure 18,"Percentage of adolescents and young adults with type 1 diabetes and with at least 1 hospital admission with a diagnosis of diabetic ketoacidosis (DKA) by age at audit year start, insulin pump usage and number of admissions",2017-21,England,25,On insulin pump: 1 DKA admission,%,4.6,1970.0,90.0
Insulin pump,Figure 18,"Percentage of adolescents and young adults with type 1 diabetes and with at least 1 hospital admission with a diagnosis of diabetic ketoacidosis (DKA) by age at audit year start, insulin pump usage and number of admissions",2017-21,England,25,On insulin pump: 2 or more DKA admissions,%,1.3,1970.0,25.0
Insulin pump,Figure 18,"Percentage of adolescents and young adults with type 1 diabetes and with at least 1 hospital admission with a diagnosis of diabetic ketoacidosis (DKA) by age at audit year start, insulin pump usage and number of admissions",2017-21,England,25,Not on insulin pump: 1 DKA admission,%,4.2,14350.0,600.0
Insulin pump,Figure 18,"Percentage of adolescents and young adults with type 1 diabetes and with at least 1 hospital admission with a diagnosis of diabetic ketoacidosis (DKA) by age at audit year start, insulin pump usage and number of admissions",2017-21,England,25,Not on insulin pump: 2 or more DKA admissions,%,2.0,14350.0,280.0
Appendix: Care Processes,Table 7,"Care process completion rates in adolescents and young adults with type 1 diabetes, by age at audit year start",2017-21,England,15,HbA1c,%,82.6,10960.0,9050.0
Appendix: Care Processes,Table 7,"Care process completion rates in adolescents and young adults with type 1 diabetes, by age at audit year start",2017-21,England,16,HbA1c,%,85.4,11490.0,9815.0
Appendix: Care Processes,Table 7,"Care process completion rates in adolescents and young adults with type 1 diabetes, by age at audit year start",2017-21,England,17,HbA1c,%,85.9,12140.0,10430.0
Appendix: Care Processes,Table 7,"Care process completion rates in adolescents and young adults with type 1 diabetes, by age at audit year start",2017-21,England,18,HbA1c,%,82.3,12955.0,10660.0
Appendix: Care Processes,Table 7,"Care process completion rates in adolescents and young adults with type 1 diabetes, by age at audit year start",2017-21,England,19,HbA1c,%,78.0,13640.0,10645.0
Appendix: Care Processes,Table 7,"Care process completion rates in adolescents and young adults with type 1 diabetes, by age at audit year start",2017-21,England,20,HbA1c,%,78.0,14205.0,11085.0
Appendix: Care Processes,Table 7,"Care process completion rates in adolescents and young adults with type 1 diabetes, by age at audit year start",2017-21,England,21,HbA1c,%,78.4,14675.0,11505.0
Appendix: Care Processes,Table 7,"Care process completion rates in adolescents and young adults with type 1 diabetes, by age at audit year start",2017-21,England,22,HbA1c,%,79.3,15205.0,12065.0
Appendix: Care Processes,Table 7,"Care process completion rates in adolescents and young adults with type 1 diabetes, by age at audit year start",2017-21,England,23,HbA1c,%,79.9,15505.0,12385.0
Appendix: Care Processes,Table 7,"Care process completion rates in adolescents and young adults with type 1 diabetes, by age at audit year start",2017-21,England,24,HbA1c,%,79.7,15895.0,12665.0
Appendix: Care Processes,Table 7,"Care process completion rates in adolescents and young adults with type 1 diabetes, by age at audit year start",2017-21,England,25,HbA1c,%,80.7,16320.0,13165.0
Appendix: Care Processes,Table 7,"Care process completion rates in adolescents and young adults with type 1 diabetes, by age at audit year start",2017-21,England,15,UACR,%,57.0,10960.0,6250.0
Appendix: Care Processes,Table 7,"Care process completion rates in adolescents and young adults with type 1 diabetes, by age at audit year start",2017-21,England,16,UACR,%,55.9,11490.0,6425.0
Appendix: Care Processes,Table 7,"Care process completion rates in adolescents and young adults with type 1 diabetes, by age at audit year start",2017-21,England,17,UACR,%,52.3,12140.0,6350.0
Appendix: Care Processes,Table 7,"Care process completion rates in adolescents and young adults with type 1 diabetes, by age at audit year start",2017-21,England,18,UACR,%,44.2,12955.0,5725.0
Appendix: Care Processes,Table 7,"Care process completion rates in adolescents and young adults with type 1 diabetes, by age at audit year start",2017-21,England,19,UACR,%,38.8,13640.0,5290.0
Appendix: Care Processes,Table 7,"Care process completion rates in adolescents and young adults with type 1 diabetes, by age at audit year start",2017-21,England,20,UACR,%,39.2,14205.0,5565.0
Appendix: Care Processes,Table 7,"Care process completion rates in adolescents and young adults with type 1 diabetes, by age at audit year start",2017-21,England,21,UACR,%,39.1,14675.0,5740.0
Appendix: Care Processes,Table 7,"Care process completion rates in adolescents and young adults with type 1 diabetes, by age at audit year start",2017-21,England,22,UACR,%,39.7,15205.0,6035.0
Appendix: Care Processes,Table 7,"Care process completion rates in adolescents and young adults with type 1 diabetes, by age at audit year start",2017-21,England,23,UACR,%,39.7,15505.0,6155.0
Appendix: Care Processes,Table 7,"Care process completion rates in adolescents and young adults with type 1 diabetes, by age at audit year start",2017-21,England,24,UACR,%,39.9,15895.0,6335.0
Appendix: Care Processes,Table 7,"Care process completion rates in adolescents and young adults with type 1 diabetes, by age at audit year start",2017-21,England,25,UACR,%,39.7,16320.0,6485.0
Appendix: Care Processes,Table 7,"Care process completion rates in adolescents and young adults with type 1 diabetes, by age at audit year start",2017-21,England,15,Blood pressure,%,83.5,10960.0,9155.0
Appendix: Care Processes,Table 7,"Care process completion rates in adolescents and young adults with type 1 diabetes, by age at audit year start",2017-21,England,16,Blood pressure,%,86.8,11490.0,9975.0
Appendix: Care Processes,Table 7,"Care process completion rates in adolescents and young adults with type 1 diabetes, by age at audit year start",2017-21,England,17,Blood pressure,%,86.9,12140.0,10555.0
Appendix: Care Processes,Table 7,"Care process completion rates in adolescents and young adults with type 1 diabetes, by age at audit year start",2017-21,England,18,Blood pressure,%,84.3,12955.0,10925.0
Appendix: Care Processes,Table 7,"Care process completion rates in adolescents and young adults with type 1 diabetes, by age at audit year start",2017-21,England,19,Blood pressure,%,81.6,13640.0,11135.0
Appendix: Care Processes,Table 7,"Care process completion rates in adolescents and young adults with type 1 diabetes, by age at audit year start",2017-21,England,20,Blood pressure,%,81.6,14205.0,11590.0
Appendix: Care Processes,Table 7,"Care process completion rates in adolescents and young adults with type 1 diabetes, by age at audit year start",2017-21,England,21,Blood pressure,%,82.2,14675.0,12070.0
Appendix: Care Processes,Table 7,"Care process completion rates in adolescents and young adults with type 1 diabetes, by age at audit year start",2017-21,England,22,Blood pressure,%,82.5,15205.0,12550.0
Appendix: Care Processes,Table 7,"Care process completion rates in adolescents and young adults with type 1 diabetes, by age at audit year start",2017-21,England,23,Blood pressure,%,82.2,15505.0,12750.0
Appendix: Care Processes,Table 7,"Care process completion rates in adolescents and young adults with type 1 diabetes, by age at audit year start",2017-21,England,24,Blood pressure,%,82.2,15895.0,13070.0
Appendix: Care Processes,Table 7,"Care process completion rates in adolescents and young adults with type 1 diabetes, by age at audit year start",2017-21,England,25,Blood pressure,%,82.8,16320.0,13505.0
Appendix: Care Processes,Table 7,"Care process completion rates in adolescents and young adults with type 1 diabetes, by age at audit year start",2017-21,England,15,Foot exam,%,59.2,10960.0,6490.0
Appendix: Care Processes,Table 7,"Care process completion rates in adolescents and young adults with type 1 diabetes, by age at audit year start",2017-21,England,16,Foot exam,%,63.0,11490.0,7240.0
Appendix: Care Processes,Table 7,"Care process completion rates in adolescents and young adults with type 1 diabetes, by age at audit year start",2017-21,England,17,Foot exam,%,65.4,12140.0,7940.0
Appendix: Care Processes,Table 7,"Care process completion rates in adolescents and young adults with type 1 diabetes, by age at audit year start",2017-21,England,18,Foot exam,%,61.8,12955.0,8000.0
Appendix: Care Processes,Table 7,"Care process completion rates in adolescents and young adults with type 1 diabetes, by age at audit year start",2017-21,England,19,Foot exam,%,59.5,13640.0,8120.0
Appendix: Care Processes,Table 7,"Care process completion rates in adolescents and young adults with type 1 diabetes, by age at audit year start",2017-21,England,20,Foot exam,%,59.8,14205.0,8500.0
Appendix: Care Processes,Table 7,"Care process completion rates in adolescents and young adults with type 1 diabetes, by age at audit year start",2017-21,England,21,Foot exam,%,60.5,14675.0,8875.0
Appendix: Care Processes,Table 7,"Care process completion rates in adolescents and young adults with type 1 diabetes, by age at audit year start",2017-21,England,22,Foot exam,%,61.9,15205.0,9405.0
Appendix: Care Processes,Table 7,"Care process completion rates in adolescents and young adults with type 1 diabetes, by age at audit year start",2017-21,England,23,Foot exam,%,61.9,15505.0,9600.0
Appendix: Care Processes,Table 7,"Care process completion rates in adolescents and young adults with type 1 diabetes, by age at audit year start",2017-21,England,24,Foot exam,%,62.8,15895.0,9980.0
Appendix: Care Processes,Table 7,"Care process completion rates in adolescents and young adults with type 1 diabetes, by age at audit year start",2017-21,England,25,Foot exam,%,62.9,16320.0,10270.0
Appendix: Care Processes,Table 7,"Care process completion rates in adolescents and young adults with type 1 diabetes, by age at audit year start",2017-21,England,15,BMI,%,88.5,10960.0,9700.0
Appendix: Care Processes,Table 7,"Care process completion rates in adolescents and young adults with type 1 diabetes, by age at audit year start",2017-21,England,16,BMI,%,88.6,11490.0,10185.0
Appendix: Care Processes,Table 7,"Care process completion rates in adolescents and young adults with type 1 diabetes, by age at audit year start",2017-21,England,17,BMI,%,86.7,12140.0,10525.0
Appendix: Care Processes,Table 7,"Care process completion rates in adolescents and young adults with type 1 diabetes, by age at audit year start",2017-21,England,18,BMI,%,82.2,12955.0,10645.0
Appendix: Care Processes,Table 7,"Care process completion rates in adolescents and young adults with type 1 diabetes, by age at audit year start",2017-21,England,19,BMI,%,75.9,13640.0,10350.0
Appendix: Care Processes,Table 7,"Care process completion rates in adolescents and young adults with type 1 diabetes, by age at audit year start",2017-21,England,20,BMI,%,75.6,14205.0,10740.0
Appendix: Care Processes,Table 7,"Care process completion rates in adolescents and young adults with type 1 diabetes, by age at audit year start",2017-21,England,21,BMI,%,75.8,14675.0,11120.0
Appendix: Care Processes,Table 7,"Care process completion rates in adolescents and young adults with type 1 diabetes, by age at audit year start",2017-21,England,22,BMI,%,76.3,15205.0,11595.0
Appendix: Care Processes,Table 7,"Care process completion rates in adolescents and young adults with type 1 diabetes, by age at audit year start",2017-21,England,23,BMI,%,75.8,15505.0,11750.0
Appendix: Care Processes,Table 7,"Care process completion rates in adolescents and young adults with type 1 diabetes, by age at audit year start",2017-21,England,24,BMI,%,75.5,15895.0,12005.0
Appendix: Care Processes,Table 7,"Care process completion rates in adolescents and young adults with type 1 diabetes, by age at audit year start",2017-21,England,25,BMI,%,76.4,16320.0,12465.0
Appendix: Care Processes,Table 7,"Care process completion rates in adolescents and young adults with type 1 diabetes, by age at audit year start",2017-21,England,15,Cholesterol,%,55.4,10960.0,6070.0
Appendix: Care Processes,Table 7,"Care process completion rates in adolescents and young adults with type 1 diabetes, by age at audit year start",2017-21,England,16,Cholesterol,%,59.9,11490.0,6880.0
Appendix: Care Processes,Table 7,"Care process completion rates in adolescents and young adults with type 1 diabetes, by age at audit year start",2017-21,England,17,Cholesterol,%,64.3,12140.0,7805.0
Appendix: Care Processes,Table 7,"Care process completion rates in adolescents and young adults with type 1 diabetes, by age at audit year start",2017-21,England,18,Cholesterol,%,65.2,12955.0,8445.0
Appendix: Care Processes,Table 7,"Care process completion rates in adolescents and young adults with type 1 diabetes, by age at audit year start",2017-21,England,19,Cholesterol,%,65.4,13640.0,8915.0
Appendix: Care Processes,Table 7,"Care process completion rates in adolescents and young adults with type 1 diabetes, by age at audit year start",2017-21,England,20,Cholesterol,%,66.7,14205.0,9470.0
Appendix: Care Processes,Table 7,"Care process completion rates in adolescents and young adults with type 1 diabetes, by age at audit year start",2017-21,England,21,Cholesterol,%,68.2,14675.0,10005.0
Appendix: Care Processes,Table 7,"Care process completion rates in adolescents and young adults with type 1 diabetes, by age at audit year start",2017-21,England,22,Cholesterol,%,69.3,15205.0,10535.0
Appendix: Care Processes,Table 7,"Care process completion rates in adolescents and young adults with type 1 diabetes, by age at audit year start",2017-21,England,23,Cholesterol,%,69.8,15505.0,10820.0
Appendix: Care Processes,Table 7,"Care process completion rates in adolescents and young adults with type 1 diabetes, by age at audit year start",2017-21,England,24,Cholesterol,%,70.5,15895.0,11200.0
Appendix: Care Processes,Table 7,"Care process completion rates in adolescents and young adults with type 1 diabetes, by age at audit year start",2017-21,England,25,Cholesterol,%,71.3,16320.0,11630.0
Appendix: Care Processes,Figure 19,"HbA1c care process completion rates in adolescents and young adults with type 1 diabetes, by age at audit year start",2017-21,England,15,HbA1c,%,82.6,10960.0,9050.0
Appendix: Care Processes,Figure 19,"HbA1c care process completion rates in adolescents and young adults with type 1 diabetes, by age at audit year start",2017-21,England,16,HbA1c,%,85.4,11490.0,9815.0
Appendix: Care Processes,Figure 19,"HbA1c care process completion rates in adolescents and young adults with type 1 diabetes, by age at audit year start",2017-21,England,17,HbA1c,%,85.9,12140.0,10430.0
Appendix: Care Processes,Figure 19,"HbA1c care process completion rates in adolescents and young adults with type 1 diabetes, by age at audit year start",2017-21,England,18,HbA1c,%,82.3,12955.0,10660.0
Appendix: Care Processes,Figure 19,"HbA1c care process completion rates in adolescents and young adults with type 1 diabetes, by age at audit year start",2017-21,England,19,HbA1c,%,78.0,13640.0,10645.0
Appendix: Care Processes,Figure 19,"HbA1c care process completion rates in adolescents and young adults with type 1 diabetes, by age at audit year start",2017-21,England,20,HbA1c,%,78.0,14205.0,11085.0
Appendix: Care Processes,Figure 19,"HbA1c care process completion rates in adolescents and young adults with type 1 diabetes, by age at audit year start",2017-21,England,21,HbA1c,%,78.4,14675.0,11505.0
Appendix: Care Processes,Figure 19,"HbA1c care process completion rates in adolescents and young adults with type 1 diabetes, by age at audit year start",2017-21,England,22,HbA1c,%,79.3,15205.0,12065.0
Appendix: Care Processes,Figure 19,"HbA1c care process completion rates in adolescents and young adults with type 1 diabetes, by age at audit year start",2017-21,England,23,HbA1c,%,79.9,15505.0,12385.0
Appendix: Care Processes,Figure 19,"HbA1c care process completion rates in adolescents and young adults with type 1 diabetes, by age at audit year start",2017-21,England,24,HbA1c,%,79.7,15895.0,12665.0
Appendix: Care Processes,Figure 19,"HbA1c care process completion rates in adolescents and young adults with type 1 diabetes, by age at audit year start",2017-21,England,25,HbA1c,%,80.7,16320.0,13165.0
Appendix: Care Processes,Figure 20,"Urine Albumin Creatinine Ratio (UACR) completion rates in adolescents and young adults with type 1 diabetes, by age at audit year start",2017-21,England,15,UACR,%,57.0,10960.0,6250.0
Appendix: Care Processes,Figure 20,"Urine Albumin Creatinine Ratio (UACR) completion rates in adolescents and young adults with type 1 diabetes, by age at audit year start",2017-21,England,16,UACR,%,55.9,11490.0,6425.0
Appendix: Care Processes,Figure 20,"Urine Albumin Creatinine Ratio (UACR) completion rates in adolescents and young adults with type 1 diabetes, by age at audit year start",2017-21,England,17,UACR,%,52.3,12140.0,6350.0
Appendix: Care Processes,Figure 20,"Urine Albumin Creatinine Ratio (UACR) completion rates in adolescents and young adults with type 1 diabetes, by age at audit year start",2017-21,England,18,UACR,%,44.2,12955.0,5725.0
Appendix: Care Processes,Figure 20,"Urine Albumin Creatinine Ratio (UACR) completion rates in adolescents and young adults with type 1 diabetes, by age at audit year start",2017-21,England,19,UACR,%,38.8,13640.0,5290.0
Appendix: Care Processes,Figure 20,"Urine Albumin Creatinine Ratio (UACR) completion rates in adolescents and young adults with type 1 diabetes, by age at audit year start",2017-21,England,20,UACR,%,39.2,14205.0,5565.0
Appendix: Care Processes,Figure 20,"Urine Albumin Creatinine Ratio (UACR) completion rates in adolescents and young adults with type 1 diabetes, by age at audit year start",2017-21,England,21,UACR,%,39.1,14675.0,5740.0
Appendix: Care Processes,Figure 20,"Urine Albumin Creatinine Ratio (UACR) completion rates in adolescents and young adults with type 1 diabetes, by age at audit year start",2017-21,England,22,UACR,%,39.7,15205.0,6035.0
Appendix: Care Processes,Figure 20,"Urine Albumin Creatinine Ratio (UACR) completion rates in adolescents and young adults with type 1 diabetes, by age at audit year start",2017-21,England,23,UACR,%,39.7,15505.0,6155.0
Appendix: Care Processes,Figure 20,"Urine Albumin Creatinine Ratio (UACR) completion rates in adolescents and young adults with type 1 diabetes, by age at audit year start",2017-21,England,24,UACR,%,39.9,15895.0,6335.0
Appendix: Care Processes,Figure 20,"Urine Albumin Creatinine Ratio (UACR) completion rates in adolescents and young adults with type 1 diabetes, by age at audit year start",2017-21,England,25,UACR,%,39.7,16320.0,6485.0
Appendix: Care Processes,Figure 21,"Blood pressure completion rates in adolescents and young adults with type 1 diabetes, by age at audit year start",2017-21,England,15,Blood pressure,%,83.5,10960.0,9155.0
Appendix: Care Processes,Figure 21,"Blood pressure completion rates in adolescents and young adults with type 1 diabetes, by age at audit year start",2017-21,England,16,Blood pressure,%,86.8,11490.0,9975.0
Appendix: Care Processes,Figure 21,"Blood pressure completion rates in adolescents and young adults with type 1 diabetes, by age at audit year start",2017-21,England,17,Blood pressure,%,86.9,12140.0,10555.0
Appendix: Care Processes,Figure 21,"Blood pressure completion rates in adolescents and young adults with type 1 diabetes, by age at audit year start",2017-21,England,18,Blood pressure,%,84.3,12955.0,10925.0
Appendix: Care Processes,Figure 21,"Blood pressure completion rates in adolescents and young adults with type 1 diabetes, by age at audit year start",2017-21,England,19,Blood pressure,%,81.6,13640.0,11135.0
Appendix: Care Processes,Figure 21,"Blood pressure completion rates in adolescents and young adults with type 1 diabetes, by age at audit year start",2017-21,England,20,Blood pressure,%,81.6,14205.0,11590.0
Appendix: Care Processes,Figure 21,"Blood pressure completion rates in adolescents and young adults with type 1 diabetes, by age at audit year start",2017-21,England,21,Blood pressure,%,82.2,14675.0,12070.0
Appendix: Care Processes,Figure 21,"Blood pressure completion rates in adolescents and young adults with type 1 diabetes, by age at audit year start",2017-21,England,22,Blood pressure,%,82.5,15205.0,12550.0
Appendix: Care Processes,Figure 21,"Blood pressure completion rates in adolescents and young adults with type 1 diabetes, by age at audit year start",2017-21,England,23,Blood pressure,%,82.2,15505.0,12750.0
Appendix: Care Processes,Figure 21,"Blood pressure completion rates in adolescents and young adults with type 1 diabetes, by age at audit year start",2017-21,England,24,Blood pressure,%,82.2,15895.0,13070.0
Appendix: Care Processes,Figure 21,"Blood pressure completion rates in adolescents and young adults with type 1 diabetes, by age at audit year start",2017-21,England,25,Blood pressure,%,82.8,16320.0,13505.0
Appendix: Care Processes,Figure 22 / Table 8,"Care process completion rates in adolescents and young adults with type 1 diabetes, by audit year",2017-18,England,15-25,HbA1c,%,85.8,38080.0,32685.0
Appendix: Care Processes,Figure 22 / Table 8,"Care process completion rates in adolescents and young adults with type 1 diabetes, by audit year",2018-19,England,15-25,HbA1c,%,86.8,38225.0,33195.0
Appendix: Care Processes,Figure 22 / Table 8,"Care process completion rates in adolescents and young adults with type 1 diabetes, by audit year",2019-20,England,15-25,HbA1c,%,83.3,38395.0,31985.0
Appendix: Care Processes,Figure 22 / Table 8,"Care process completion rates in adolescents and young adults with type 1 diabetes, by audit year",2020-21,England,15-25,HbA1c,%,66.9,38295.0,25605.0
Appendix: Care Processes,Figure 22 / Table 8,"Care process completion rates in adolescents and young adults with type 1 diabetes, by audit year",2017-18,England,15-25,UACR,%,47.6,38080.0,18120.0
Appendix: Care Processes,Figure 22 / Table 8,"Care process completion rates in adolescents and young adults with type 1 diabetes, by audit year",2018-19,England,15-25,UACR,%,47.7,38225.0,18230.0
Appendix: Care Processes,Figure 22 / Table 8,"Care process completion rates in adolescents and young adults with type 1 diabetes, by audit year",2019-20,England,15-25,UACR,%,48.5,38395.0,18610.0
Appendix: Care Processes,Figure 22 / Table 8,"Care process completion rates in adolescents and young adults with type 1 diabetes, by audit year",2020-21,England,15-25,UACR,%,29.8,38295.0,11400.0
Appendix: Care Processes,Figure 22 / Table 8,"Care process completion rates in adolescents and young adults with type 1 diabetes, by audit year",2017-18,England,15-25,Blood pressure,%,89.3,38080.0,34010.0
Appendix: Care Processes,Figure 22 / Table 8,"Care process completion rates in adolescents and young adults with type 1 diabetes, by audit year",2018-19,England,15-25,Blood pressure,%,90.0,38225.0,34410.0
Appendix: Care Processes,Figure 22 / Table 8,"Care process completion rates in adolescents and young adults with type 1 diabetes, by audit year",2019-20,England,15-25,Blood pressure,%,88.5,38395.0,33990.0
Appendix: Care Processes,Figure 22 / Table 8,"Care process completion rates in adolescents and young adults with type 1 diabetes, by audit year",2020-21,England,15-25,Blood pressure,%,64.9,38295.0,24870.0
Appendix: Care Processes,Figure 22 / Table 8,"Care process completion rates in adolescents and young adults with type 1 diabetes, by audit year",2017-18,England,15-25,Foot exam,%,69.7,38080.0,26530.0
Appendix: Care Processes,Figure 22 / Table 8,"Care process completion rates in adolescents and young adults with type 1 diabetes, by audit year",2018-19,England,15-25,Foot exam,%,70.9,38225.0,27105.0
Appendix: Care Processes,Figure 22 / Table 8,"Care process completion rates in adolescents and young adults with type 1 diabetes, by audit year",2019-20,England,15-25,Foot exam,%,67.5,38395.0,25935.0
Appendix: Care Processes,Figure 22 / Table 8,"Care process completion rates in adolescents and young adults with type 1 diabetes, by audit year",2020-21,England,15-25,Foot exam,%,38.8,38295.0,14865.0
Appendix: Care Processes,Figure 22 / Table 8,"Care process completion rates in adolescents and young adults with type 1 diabetes, by audit year",2017-18,England,15-25,BMI,%,84.0,38080.0,31980.0
Appendix: Care Processes,Figure 22 / Table 8,"Care process completion rates in adolescents and young adults with type 1 diabetes, by audit year",2018-19,England,15-25,BMI,%,84.9,38225.0,32440.0
Appendix: Care Processes,Figure 22 / Table 8,"Care process completion rates in adolescents and young adults with type 1 diabetes, by audit year",2019-20,England,15-25,BMI,%,83.7,38395.0,32130.0
Appendix: Care Processes,Figure 22 / Table 8,"Care process completion rates in adolescents and young adults with type 1 diabetes, by audit year",2020-21,England,15-25,BMI,%,64.1,38295.0,24530.0
Appendix: Care Processes,Figure 22 / Table 8,"Care process completion rates in adolescents and young adults with type 1 diabetes, by audit year",2017-18,England,15-25,Cholesterol,%,72.4,38080.0,27575.0
Appendix: Care Processes,Figure 22 / Table 8,"Care process completion rates in adolescents and young adults with type 1 diabetes, by audit year",2018-19,England,15-25,Cholesterol,%,73.7,38225.0,28185.0
Appendix: Care Processes,Figure 22 / Table 8,"Care process completion rates in adolescents and young adults with type 1 diabetes, by audit year",2019-20,England,15-25,Cholesterol,%,69.2,38395.0,26560.0
Appendix: Care Processes,Figure 22 / Table 8,"Care process completion rates in adolescents and young adults with type 1 diabetes, by audit year",2020-21,England,15-25,Cholesterol,%,50.8,38295.0,19455.0
Appendix: Treatment target,Table 9,HbA1c results (mmol/mol) by age at HbA1c result,2017-21,England,15,Number of people,n,9090.0,,
Appendix: Treatment target,Table 9,HbA1c results (mmol/mol) by age at HbA1c result,2017-21,England,16,Number of people,n,9865.0,,
Appendix: Treatment target,Table 9,HbA1c results (mmol/mol) by age at HbA1c result,2017-21,England,17,Number of people,n,10975.0,,
Appendix: Treatment target,Table 9,HbA1c results (mmol/mol) by age at HbA1c result,2017-21,England,18,Number of people,n,11270.0,,
Appendix: Treatment target,Table 9,HbA1c results (mmol/mol) by age at HbA1c result,2017-21,England,19,Number of people,n,10955.0,,
Appendix: Treatment target,Table 9,HbA1c results (mmol/mol) by age at HbA1c result,2017-21,England,20,Number of people,n,11155.0,,
Appendix: Treatment target,Table 9,HbA1c results (mmol/mol) by age at HbA1c result,2017-21,England,21,Number of people,n,11555.0,,
Appendix: Treatment target,Table 9,HbA1c results (mmol/mol) by age at HbA1c result,2017-21,England,22,Number of people,n,12130.0,,
Appendix: Treatment target,Table 9,HbA1c results (mmol/mol) by age at HbA1c result,2017-21,England,23,Number of people,n,12570.0,,
Appendix: Treatment target,Table 9,HbA1c results (mmol/mol) by age at HbA1c result,2017-21,England,24,Number of people,n,12910.0,,
Appendix: Treatment target,Table 9,HbA1c results (mmol/mol) by age at HbA1c result,2017-21,England,25,Number of people,n,13250.0,,
Appendix: Treatment target,Table 9,HbA1c results (mmol/mol) by age at HbA1c result,2017-21,England,15,Mean,n,69.0,,
Appendix: Treatment target,Table 9,HbA1c results (mmol/mol) by age at HbA1c result,2017-21,England,16,Mean,n,71.5,,
Appendix: Treatment target,Table 9,HbA1c results (mmol/mol) by age at HbA1c result,2017-21,England,17,Mean,n,73.0,,
Appendix: Treatment target,Table 9,HbA1c results (mmol/mol) by age at HbA1c result,2017-21,England,18,Mean,n,75.2,,
Appendix: Treatment target,Table 9,HbA1c results (mmol/mol) by age at HbA1c result,2017-21,England,19,Mean,n,76.3,,
Appendix: Treatment target,Table 9,HbA1c results (mmol/mol) by age at HbA1c result,2017-21,England,20,Mean,n,76.8,,
Appendix: Treatment target,Table 9,HbA1c results (mmol/mol) by age at HbA1c result,2017-21,England,21,Mean,n,76.1,,
Appendix: Treatment target,Table 9,HbA1c results (mmol/mol) by age at HbA1c result,2017-21,England,22,Mean,n,75.4,,
Appendix: Treatment target,Table 9,HbA1c results (mmol/mol) by age at HbA1c result,2017-21,England,23,Mean,n,74.3,,
Appendix: Treatment target,Table 9,HbA1c results (mmol/mol) by age at HbA1c result,2017-21,England,24,Mean,n,73.7,,
Appendix: Treatment target,Table 9,HbA1c results (mmol/mol) by age at HbA1c result,2017-21,England,25,Mean,n,73.1,,
Appendix: Treatment target,Table 9,HbA1c results (mmol/mol) by age at HbA1c result,2017-21,England,15,Median,n,65.0,,
Appendix: Treatment target,Table 9,HbA1c results (mmol/mol) by age at HbA1c result,2017-21,England,16,Median,n,66.0,,
Appendix: Treatment target,Table 9,HbA1c results (mmol/mol) by age at HbA1c result,2017-21,England,17,Median,n,68.0,,
Appendix: Treatment target,Table 9,HbA1c results (mmol/mol) by age at HbA1c result,2017-21,England,18,Median,n,70.0,,
Appendix: Treatment target,Table 9,HbA1c results (mmol/mol) by age at HbA1c result,2017-21,England,19,Median,n,71.0,,
Appendix: Treatment target,Table 9,HbA1c results (mmol/mol) by age at HbA1c result,2017-21,England,20,Median,n,73.0,,
Appendix: Treatment target,Table 9,HbA1c results (mmol/mol) by age at HbA1c result,2017-21,England,21,Median,n,72.0,,
Appendix: Treatment target,Table 9,HbA1c results (mmol/mol) by age at HbA1c result,2017-21,England,22,Median,n,71.0,,
Appendix: Treatment target,Table 9,HbA1c results (mmol/mol) by age at HbA1c result,2017-21,England,23,Median,n,70.0,,
Appendix: Treatment target,Table 9,HbA1c results (mmol/mol) by age at HbA1c result,2017-21,England,24,Median,n,70.0,,
Appendix: Treatment target,Table 9,HbA1c results (mmol/mol) by age at HbA1c result,2017-21,England,25,Median,n,69.0,,
Appendix: Treatment target,Table 9,HbA1c results (mmol/mol) by age at HbA1c result,2017-21,England,15,Interquartile range - Lower quartile,n,56.0,,
Appendix: Treatment target,Table 9,HbA1c results (mmol/mol) by age at HbA1c result,2017-21,England,16,Interquartile range - Lower quartile,n,56.0,,
Appendix: Treatment target,Table 9,HbA1c results (mmol/mol) by age at HbA1c result,2017-21,England,17,Interquartile range - Lower quartile,n,57.0,,
Appendix: Treatment target,Table 9,HbA1c results (mmol/mol) by age at HbA1c result,2017-21,England,18,Interquartile range - Lower quartile,n,58.0,,
Appendix: Treatment target,Table 9,HbA1c results (mmol/mol) by age at HbA1c result,2017-21,England,19,Interquartile range - Lower quartile,n,59.0,,
Appendix: Treatment target,Table 9,HbA1c results (mmol/mol) by age at HbA1c result,2017-21,England,20,Interquartile range - Lower quartile,n,60.0,,
Appendix: Treatment target,Table 9,HbA1c results (mmol/mol) by age at HbA1c result,2017-21,England,21,Interquartile range - Lower quartile,n,60.0,,
Appendix: Treatment target,Table 9,HbA1c results (mmol/mol) by age at HbA1c result,2017-21,England,22,Interquartile range - Lower quartile,n,59.0,,
Appendix: Treatment target,Table 9,HbA1c results (mmol/mol) by age at HbA1c result,2017-21,England,23,Interquartile range - Lower quartile,n,58.0,,
Appendix: Treatment target,Table 9,HbA1c results (mmol/mol) by age at HbA1c result,2017-21,England,24,Interquartile range - Lower quartile,n,58.0,,
Appendix: Treatment target,Table 9,HbA1c results (mmol/mol) by age at HbA1c result,2017-21,England,25,Interquartile range - Lower quartile,n,57.4,,
Appendix: Treatment target,Table 9,HbA1c results (mmol/mol) by age at HbA1c result,2017-21,England,15,Interquartile range - Upper quartile,n,78.0,,
Appendix: Treatment target,Table 9,HbA1c results (mmol/mol) by age at HbA1c result,2017-21,England,16,Interquartile range - Upper quartile,n,81.0,,
Appendix: Treatment target,Table 9,HbA1c results (mmol/mol) by age at HbA1c result,2017-21,England,17,Interquartile range - Upper quartile,n,84.0,,
Appendix: Treatment target,Table 9,HbA1c results (mmol/mol) by age at HbA1c result,2017-21,England,18,Interquartile range - Upper quartile,n,88.0,,
Appendix: Treatment target,Table 9,HbA1c results (mmol/mol) by age at HbA1c result,2017-21,England,19,Interquartile range - Upper quartile,n,89.0,,
Appendix: Treatment target,Table 9,HbA1c results (mmol/mol) by age at HbA1c result,2017-21,England,20,Interquartile range - Upper quartile,n,90.0,,
Appendix: Treatment target,Table 9,HbA1c results (mmol/mol) by age at HbA1c result,2017-21,England,21,Interquartile range - Upper quartile,n,89.0,,
Appendix: Treatment target,Table 9,HbA1c results (mmol/mol) by age at HbA1c result,2017-21,England,22,Interquartile range - Upper quartile,n,87.7,,
Appendix: Treatment target,Table 9,HbA1c results (mmol/mol) by age at HbA1c result,2017-21,England,23,Interquartile range - Upper quartile,n,87.0,,
Appendix: Treatment target,Table 9,HbA1c results (mmol/mol) by age at HbA1c result,2017-21,England,24,Interquartile range - Upper quartile,n,86.0,,
Appendix: Treatment target,Table 9,HbA1c results (mmol/mol) by age at HbA1c result,2017-21,England,25,Interquartile range - Upper quartile,n,85.0,,
Appendix: Treatment target,Table 9,HbA1c results (mmol/mol) by age at HbA1c result,2017-21,England,15,Range,n,153.0,,
Appendix: Treatment target,Table 9,HbA1c results (mmol/mol) by age at HbA1c result,2017-21,England,16,Range,n,170.8,,
Appendix: Treatment target,Table 9,HbA1c results (mmol/mol) by age at HbA1c result,2017-21,England,17,Range,n,159.8,,
Appendix: Treatment target,Table 9,HbA1c results (mmol/mol) by age at HbA1c result,2017-21,England,18,Range,n,156.6,,
Appendix: Treatment target,Table 9,HbA1c results (mmol/mol) by age at HbA1c result,2017-21,England,19,Range,n,163.8,,
Appendix: Treatment target,Table 9,HbA1c results (mmol/mol) by age at HbA1c result,2017-21,England,20,Range,n,168.0,,
Appendix: Treatment target,Table 9,HbA1c results (mmol/mol) by age at HbA1c result,2017-21,England,21,Range,n,161.4,,
Appendix: Treatment target,Table 9,HbA1c results (mmol/mol) by age at HbA1c result,2017-21,England,22,Range,n,171.6,,
Appendix: Treatment target,Table 9,HbA1c results (mmol/mol) by age at HbA1c result,2017-21,England,23,Range,n,165.0,,
Appendix: Treatment target,Table 9,HbA1c results (mmol/mol) by age at HbA1c result,2017-21,England,24,Range,n,168.8,,
Appendix: Treatment target,Table 9,HbA1c results (mmol/mol) by age at HbA1c result,2017-21,England,25,Range,n,160.0,,
Appendix: Treatment target,Table 9,HbA1c results (mmol/mol) by age at HbA1c result,2017-21,England,15,Standard deviation,n,20.1,,
Appendix: Treatment target,Table 9,HbA1c results (mmol/mol) by age at HbA1c result,2017-21,England,16,Standard deviation,n,22.2,,
Appendix: Treatment target,Table 9,HbA1c results (mmol/mol) by age at HbA1c result,2017-21,England,17,Standard deviation,n,22.8,,
Appendix: Treatment target,Table 9,HbA1c results (mmol/mol) by age at HbA1c result,2017-21,England,18,Standard deviation,n,23.5,,
Appendix: Treatment target,Table 9,HbA1c results (mmol/mol) by age at HbA1c result,2017-21,England,19,Standard deviation,n,23.7,,
Appendix: Treatment target,Table 9,HbA1c results (mmol/mol) by age at HbA1c result,2017-21,England,20,Standard deviation,n,23.2,,
Appendix: Treatment target,Table 9,HbA1c results (mmol/mol) by age at HbA1c result,2017-21,England,21,Standard deviation,n,22.8,,
Appendix: Treatment target,Table 9,HbA1c results (mmol/mol) by age at HbA1c result,2017-21,England,22,Standard deviation,n,22.5,,
Appendix: Treatment target,Table 9,HbA1c results (mmol/mol) by age at HbA1c result,2017-21,England,23,Standard deviation,n,21.9,,
Appendix: Treatment target,Table 9,HbA1c results (mmol/mol) by age at HbA1c result,2017-21,England,24,Standard deviation,n,21.7,,
Appendix: Treatment target,Table 9,HbA1c results (mmol/mol) by age at HbA1c result,2017-21,England,25,Standard deviation,n,21.7,,
Appendix: Treatment target,Figure 23,Median HbA1c result (mmol/mol) by age at HbA1c result and whether known to paediatric services,2017-21,England,15,Known to paediatric services,n,65.0,,
Appendix: Treatment target,Figure 23,Median HbA1c result (mmol/mol) by age at HbA1c result and whether known to paediatric services,2017-21,England,16,Known to paediatric services,n,66.0,,
Appendix: Treatment target,Figure 23,Median HbA1c result (mmol/mol) by age at HbA1c result and whether known to paediatric services,2017-21,England,17,Known to paediatric services,n,67.0,,
Appendix: Treatment target,Figure 23,Median HbA1c result (mmol/mol) by age at HbA1c result and whether known to paediatric services,2017-21,England,18,Known to paediatric services,n,69.0,,
Appendix: Treatment target,Figure 23,Median HbA1c result (mmol/mol) by age at HbA1c result and whether known to paediatric services,2017-21,England,19,Known to paediatric services,n,70.0,,
Appendix: Treatment target,Figure 23,Median HbA1c result (mmol/mol) by age at HbA1c result and whether known to paediatric services,2017-21,England,20,Known to paediatric services,n,70.0,,
Appendix: Treatment target,Figure 23,Median HbA1c result (mmol/mol) by age at HbA1c result and whether known to paediatric services,2017-21,England,15,Not known to paediatric services,n,66.0,,
Appendix: Treatment target,Figure 23,Median HbA1c result (mmol/mol) by age at HbA1c result and whether known to paediatric services,2017-21,England,16,Not known to paediatric services,n,67.2,,
Appendix: Treatment target,Figure 23,Median HbA1c result (mmol/mol) by age at HbA1c result and whether known to paediatric services,2017-21,England,17,Not known to paediatric services,n,68.0,,
Appendix: Treatment target,Figure 23,Median HbA1c result (mmol/mol) by age at HbA1c result and whether known to paediatric services,2017-21,England,18,Not known to paediatric services,n,71.0,,
Appendix: Treatment target,Figure 23,Median HbA1c result (mmol/mol) by age at HbA1c result and whether known to paediatric services,2017-21,England,19,Not known to paediatric services,n,72.0,,
Appendix: Treatment target,Figure 23,Median HbA1c result (mmol/mol) by age at HbA1c result and whether known to paediatric services,2017-21,England,20,Not known to paediatric services,n,73.0,,
Appendix: Treatment target,Figure 24,Mean HbA1c result (mmol/mol) by age at HbA1c result and whether known to paediatric services,2017-21,England,15,Known to paediatric services,n,68.6,,
Appendix: Treatment target,Figure 24,Mean HbA1c result (mmol/mol) by age at HbA1c result and whether known to paediatric services,2017-21,England,16,Known to paediatric services,n,70.8,,
Appendix: Treatment target,Figure 24,Mean HbA1c result (mmol/mol) by age at HbA1c result and whether known to paediatric services,2017-21,England,17,Known to paediatric services,n,72.4,,
Appendix: Treatment target,Figure 24,Mean HbA1c result (mmol/mol) by age at HbA1c result and whether known to paediatric services,2017-21,England,18,Known to paediatric services,n,74.0,,
Appendix: Treatment target,Figure 24,Mean HbA1c result (mmol/mol) by age at HbA1c result and whether known to paediatric services,2017-21,England,19,Known to paediatric services,n,73.8,,
Appendix: Treatment target,Figure 24,Mean HbA1c result (mmol/mol) by age at HbA1c result and whether known to paediatric services,2017-21,England,20,Known to paediatric services,n,74.2,,
Appendix: Treatment target,Figure 24,Mean HbA1c result (mmol/mol) by age at HbA1c result and whether known to paediatric services,2017-21,England,15,Not known to paediatric services,n,70.6,,
Appendix: Treatment target,Figure 24,Mean HbA1c result (mmol/mol) by age at HbA1c result and whether known to paediatric services,2017-21,England,16,Not known to paediatric services,n,73.3,,
Appendix: Treatment target,Figure 24,Mean HbA1c result (mmol/mol) by age at HbA1c result and whether known to paediatric services,2017-21,England,17,Not known to paediatric services,n,74.0,,
Appendix: Treatment target,Figure 24,Mean HbA1c result (mmol/mol) by age at HbA1c result and whether known to paediatric services,2017-21,England,18,Not known to paediatric services,n,76.3,,
Appendix: Treatment target,Figure 24,Mean HbA1c result (mmol/mol) by age at HbA1c result and whether known to paediatric services,2017-21,England,19,Not known to paediatric services,n,76.7,,
Appendix: Treatment target,Figure 24,Mean HbA1c result (mmol/mol) by age at HbA1c result and whether known to paediatric services,2017-21,England,20,Not known to paediatric services,n,76.9,,
Appendix: Treatment target,Table 10,HbA1c results (mmol/mol) adolescents and young adults with type 1 diabetes known to paediatric services by age at HbA1c result,2017-21,England,15,Number of people,n,7180.0,,
Appendix: Treatment target,Table 10,HbA1c results (mmol/mol) adolescents and young adults with type 1 diabetes known to paediatric services by age at HbA1c result,2017-21,England,16,Number of people,n,7310.0,,
Appendix: Treatment target,Table 10,HbA1c results (mmol/mol) adolescents and young adults with type 1 diabetes known to paediatric services by age at HbA1c result,2017-21,England,17,Number of people,n,6860.0,,
Appendix: Treatment target,Table 10,HbA1c results (mmol/mol) adolescents and young adults with type 1 diabetes known to paediatric services by age at HbA1c result,2017-21,England,18,Number of people,n,5305.0,,
Appendix: Treatment target,Table 10,HbA1c results (mmol/mol) adolescents and young adults with type 1 diabetes known to paediatric services by age at HbA1c result,2017-21,England,19,Number of people,n,1445.0,,
Appendix: Treatment target,Table 10,HbA1c results (mmol/mol) adolescents and young adults with type 1 diabetes known to paediatric services by age at HbA1c result,2017-21,England,20,Number of people,n,130.0,,
Appendix: Treatment target,Table 10,HbA1c results (mmol/mol) adolescents and young adults with type 1 diabetes known to paediatric services by age at HbA1c result,2017-21,England,15,Mean,n,68.6,,
Appendix: Treatment target,Table 10,HbA1c results (mmol/mol) adolescents and young adults with type 1 diabetes known to paediatric services by age at HbA1c result,2017-21,England,16,Mean,n,70.8,,
Appendix: Treatment target,Table 10,HbA1c results (mmol/mol) adolescents and young adults with type 1 diabetes known to paediatric services by age at HbA1c result,2017-21,England,17,Mean,n,72.4,,
Appendix: Treatment target,Table 10,HbA1c results (mmol/mol) adolescents and young adults with type 1 diabetes known to paediatric services by age at HbA1c result,2017-21,England,18,Mean,n,74.0,,
Appendix: Treatment target,Table 10,HbA1c results (mmol/mol) adolescents and young adults with type 1 diabetes known to paediatric services by age at HbA1c result,2017-21,England,19,Mean,n,73.8,,
Appendix: Treatment target,Table 10,HbA1c results (mmol/mol) adolescents and young adults with type 1 diabetes known to paediatric services by age at HbA1c result,2017-21,England,20,Mean,n,74.2,,
Appendix: Treatment target,Table 10,HbA1c results (mmol/mol) adolescents and young adults with type 1 diabetes known to paediatric services by age at HbA1c result,2017-21,England,15,Median,n,65.0,,
Appendix: Treatment target,Table 10,HbA1c results (mmol/mol) adolescents and young adults with type 1 diabetes known to paediatric services by age at HbA1c result,2017-21,England,16,Median,n,66.0,,
Appendix: Treatment target,Table 10,HbA1c results (mmol/mol) adolescents and young adults with type 1 diabetes known to paediatric services by age at HbA1c result,2017-21,England,17,Median,n,67.0,,
Appendix: Treatment target,Table 10,HbA1c results (mmol/mol) adolescents and young adults with type 1 diabetes known to paediatric services by age at HbA1c result,2017-21,England,18,Median,n,69.0,,
Appendix: Treatment target,Table 10,HbA1c results (mmol/mol) adolescents and young adults with type 1 diabetes known to paediatric services by age at HbA1c result,2017-21,England,19,Median,n,70.0,,
Appendix: Treatment target,Table 10,HbA1c results (mmol/mol) adolescents and young adults with type 1 diabetes known to paediatric services by age at HbA1c result,2017-21,England,20,Median,n,70.0,,
Appendix: Treatment target,Table 10,HbA1c results (mmol/mol) adolescents and young adults with type 1 diabetes known to paediatric services by age at HbA1c result,2017-21,England,15,Interquartile range - Lower quartile,n,56.0,,
Appendix: Treatment target,Table 10,HbA1c results (mmol/mol) adolescents and young adults with type 1 diabetes known to paediatric services by age at HbA1c result,2017-21,England,16,Interquartile range - Lower quartile,n,56.0,,
Appendix: Treatment target,Table 10,HbA1c results (mmol/mol) adolescents and young adults with type 1 diabetes known to paediatric services by age at HbA1c result,2017-21,England,17,Interquartile range - Lower quartile,n,57.0,,
Appendix: Treatment target,Table 10,HbA1c results (mmol/mol) adolescents and young adults with type 1 diabetes known to paediatric services by age at HbA1c result,2017-21,England,18,Interquartile range - Lower quartile,n,58.0,,
Appendix: Treatment target,Table 10,HbA1c results (mmol/mol) adolescents and young adults with type 1 diabetes known to paediatric services by age at HbA1c result,2017-21,England,19,Interquartile range - Lower quartile,n,58.0,,
Appendix: Treatment target,Table 10,HbA1c results (mmol/mol) adolescents and young adults with type 1 diabetes known to paediatric services by age at HbA1c result,2017-21,England,20,Interquartile range - Lower quartile,n,58.0,,
Appendix: Treatment target,Table 10,HbA1c results (mmol/mol) adolescents and young adults with type 1 diabetes known to paediatric services by age at HbA1c result,2017-21,England,15,Interquartile range - Upper quartile,n,77.0,,
Appendix: Treatment target,Table 10,HbA1c results (mmol/mol) adolescents and young adults with type 1 diabetes known to paediatric services by age at HbA1c result,2017-21,England,16,Interquartile range - Upper quartile,n,80.0,,
Appendix: Treatment target,Table 10,HbA1c results (mmol/mol) adolescents and young adults with type 1 diabetes known to paediatric services by age at HbA1c result,2017-21,England,17,Interquartile range - Upper quartile,n,83.0,,
Appendix: Treatment target,Table 10,HbA1c results (mmol/mol) adolescents and young adults with type 1 diabetes known to paediatric services by age at HbA1c result,2017-21,England,18,Interquartile range - Upper quartile,n,85.0,,
Appendix: Treatment target,Table 10,HbA1c results (mmol/mol) adolescents and young adults with type 1 diabetes known to paediatric services by age at HbA1c result,2017-21,England,19,Interquartile range - Upper quartile,n,85.0,,
Appendix: Treatment target,Table 10,HbA1c results (mmol/mol) adolescents and young adults with type 1 diabetes known to paediatric services by age at HbA1c result,2017-21,England,20,Interquartile range - Upper quartile,n,87.0,,
Appendix: Treatment target,Table 10,HbA1c results (mmol/mol) adolescents and young adults with type 1 diabetes known to paediatric services by age at HbA1c result,2017-21,England,15,Range,n,151.1,,
Appendix: Treatment target,Table 10,HbA1c results (mmol/mol) adolescents and young adults with type 1 diabetes known to paediatric services by age at HbA1c result,2017-21,England,16,Range,n,146.0,,
Appendix: Treatment target,Table 10,HbA1c results (mmol/mol) adolescents and young adults with type 1 diabetes known to paediatric services by age at HbA1c result,2017-21,England,17,Range,n,148.6,,
Appendix: Treatment target,Table 10,HbA1c results (mmol/mol) adolescents and young adults with type 1 diabetes known to paediatric services by age at HbA1c result,2017-21,England,18,Range,n,156.0,,
Appendix: Treatment target,Table 10,HbA1c results (mmol/mol) adolescents and young adults with type 1 diabetes known to paediatric services by age at HbA1c result,2017-21,England,19,Range,n,158.5,,
Appendix: Treatment target,Table 10,HbA1c results (mmol/mol) adolescents and young adults with type 1 diabetes known to paediatric services by age at HbA1c result,2017-21,England,20,Range,n,103.0,,
Appendix: Treatment target,Table 10,HbA1c results (mmol/mol) adolescents and young adults with type 1 diabetes known to paediatric services by age at HbA1c result,2017-21,England,15,Standard deviation,n,19.4,,
Appendix: Treatment target,Table 10,HbA1c results (mmol/mol) adolescents and young adults with type 1 diabetes known to paediatric services by age at HbA1c result,2017-21,England,16,Standard deviation,n,21.4,,
Appendix: Treatment target,Table 10,HbA1c results (mmol/mol) adolescents and young adults with type 1 diabetes known to paediatric services by age at HbA1c result,2017-21,England,17,Standard deviation,n,22.2,,
Appendix: Treatment target,Table 10,HbA1c results (mmol/mol) adolescents and young adults with type 1 diabetes known to paediatric services by age at HbA1c result,2017-21,England,18,Standard deviation,n,22.2,,
Appendix: Treatment target,Table 10,HbA1c results (mmol/mol) adolescents and young adults with type 1 diabetes known to paediatric services by age at HbA1c result,2017-21,England,19,Standard deviation,n,21.8,,
Appendix: Treatment target,Table 10,HbA1c results (mmol/mol) adolescents and young adults with type 1 diabetes known to paediatric services by age at HbA1c result,2017-21,England,20,Standard deviation,n,21.5,,
Appendix: Treatment target,Table 11,HbA1c results (mmol/mol) adolescents and young adults with type 1 diabetes not known to paediatric services by age at HbA1c result,2017-21,England,15,Number of people,n,1910.0,,
Appendix: Treatment target,Table 11,HbA1c results (mmol/mol) adolescents and young adults with type 1 diabetes not known to paediatric services by age at HbA1c result,2017-21,England,16,Number of people,n,2555.0,,
Appendix: Treatment target,Table 11,HbA1c results (mmol/mol) adolescents and young adults with type 1 diabetes not known to paediatric services by age at HbA1c result,2017-21,England,17,Number of people,n,4115.0,,
Appendix: Treatment target,Table 11,HbA1c results (mmol/mol) adolescents and young adults with type 1 diabetes not known to paediatric services by age at HbA1c result,2017-21,England,18,Number of people,n,5960.0,,
Appendix: Treatment target,Table 11,HbA1c results (mmol/mol) adolescents and young adults with type 1 diabetes not known to paediatric services by age at HbA1c result,2017-21,England,19,Number of people,n,9505.0,,
Appendix: Treatment target,Table 11,HbA1c results (mmol/mol) adolescents and young adults with type 1 diabetes not known to paediatric services by age at HbA1c result,2017-21,England,20,Number of people,n,11030.0,,
Appendix: Treatment target,Table 11,HbA1c results (mmol/mol) adolescents and young adults with type 1 diabetes not known to paediatric services by age at HbA1c result,2017-21,England,21,Number of people,n,11545.0,,
Appendix: Treatment target,Table 11,HbA1c results (mmol/mol) adolescents and young adults with type 1 diabetes not known to paediatric services by age at HbA1c result,2017-21,England,22,Number of people,n,12125.0,,
Appendix: Treatment target,Table 11,HbA1c results (mmol/mol) adolescents and young adults with type 1 diabetes not known to paediatric services by age at HbA1c result,2017-21,England,23,Number of people,n,12565.0,,
Appendix: Treatment target,Table 11,HbA1c results (mmol/mol) adolescents and young adults with type 1 diabetes not known to paediatric services by age at HbA1c result,2017-21,England,24,Number of people,n,12910.0,,
Appendix: Treatment target,Table 11,HbA1c results (mmol/mol) adolescents and young adults with type 1 diabetes not known to paediatric services by age at HbA1c result,2017-21,England,25,Number of people,n,13250.0,,
Appendix: Treatment target,Table 11,HbA1c results (mmol/mol) adolescents and young adults with type 1 diabetes not known to paediatric services by age at HbA1c result,2017-21,England,15,Mean,n,70.6,,
Appendix: Treatment target,Table 11,HbA1c results (mmol/mol) adolescents and young adults with type 1 diabetes not known to paediatric services by age at HbA1c result,2017-21,England,16,Mean,n,73.3,,
Appendix: Treatment target,Table 11,HbA1c results (mmol/mol) adolescents and young adults with type 1 diabetes not known to paediatric services by age at HbA1c result,2017-21,England,17,Mean,n,74.0,,
Appendix: Treatment target,Table 11,HbA1c results (mmol/mol) adolescents and young adults with type 1 diabetes not known to paediatric services by age at HbA1c result,2017-21,England,18,Mean,n,76.3,,
Appendix: Treatment target,Table 11,HbA1c results (mmol/mol) adolescents and young adults with type 1 diabetes not known to paediatric services by age at HbA1c result,2017-21,England,19,Mean,n,76.7,,
Appendix: Treatment target,Table 11,HbA1c results (mmol/mol) adolescents and young adults with type 1 diabetes not known to paediatric services by age at HbA1c result,2017-21,England,20,Mean,n,76.9,,
Appendix: Treatment target,Table 11,HbA1c results (mmol/mol) adolescents and young adults with type 1 diabetes not known to paediatric services by age at HbA1c result,2017-21,England,21,Mean,n,76.1,,
Appendix: Treatment target,Table 11,HbA1c results (mmol/mol) adolescents and young adults with type 1 diabetes not known to paediatric services by age at HbA1c result,2017-21,England,22,Mean,n,75.4,,
Appendix: Treatment target,Table 11,HbA1c results (mmol/mol) adolescents and young adults with type 1 diabetes not known to paediatric services by age at HbA1c result,2017-21,England,23,Mean,n,74.3,,
Appendix: Treatment target,Table 11,HbA1c results (mmol/mol) adolescents and young adults with type 1 diabetes not known to paediatric services by age at HbA1c result,2017-21,England,24,Mean,n,73.7,,
Appendix: Treatment target,Table 11,HbA1c results (mmol/mol) adolescents and young adults with type 1 diabetes not known to paediatric services by age at HbA1c result,2017-21,England,25,Mean,n,73.1,,
Appendix: Treatment target,Table 11,HbA1c results (mmol/mol) adolescents and young adults with type 1 diabetes not known to paediatric services by age at HbA1c result,2017-21,England,15,Median,n,66.0,,
Appendix: Treatment target,Table 11,HbA1c results (mmol/mol) adolescents and young adults with type 1 diabetes not known to paediatric services by age at HbA1c result,2017-21,England,16,Median,n,67.2,,
Appendix: Treatment target,Table 11,HbA1c results (mmol/mol) adolescents and young adults with type 1 diabetes not known to paediatric services by age at HbA1c result,2017-21,England,17,Median,n,68.0,,
Appendix: Treatment target,Table 11,HbA1c results (mmol/mol) adolescents and young adults with type 1 diabetes not known to paediatric services by age at HbA1c result,2017-21,England,18,Median,n,71.0,,
Appendix: Treatment target,Table 11,HbA1c results (mmol/mol) adolescents and young adults with type 1 diabetes not known to paediatric services by age at HbA1c result,2017-21,England,19,Median,n,72.0,,
Appendix: Treatment target,Table 11,HbA1c results (mmol/mol) adolescents and young adults with type 1 diabetes not known to paediatric services by age at HbA1c result,2017-21,England,20,Median,n,73.0,,
Appendix: Treatment target,Table 11,HbA1c results (mmol/mol) adolescents and young adults with type 1 diabetes not known to paediatric services by age at HbA1c result,2017-21,England,21,Median,n,72.0,,
Appendix: Treatment target,Table 11,HbA1c results (mmol/mol) adolescents and young adults with type 1 diabetes not known to paediatric services by age at HbA1c result,2017-21,England,22,Median,n,71.0,,
Appendix: Treatment target,Table 11,HbA1c results (mmol/mol) adolescents and young adults with type 1 diabetes not known to paediatric services by age at HbA1c result,2017-21,England,23,Median,n,70.0,,
Appendix: Treatment target,Table 11,HbA1c results (mmol/mol) adolescents and young adults with type 1 diabetes not known to paediatric services by age at HbA1c result,2017-21,England,24,Median,n,70.0,,
Appendix: Treatment target,Table 11,HbA1c results (mmol/mol) adolescents and young adults with type 1 diabetes not known to paediatric services by age at HbA1c result,2017-21,England,25,Median,n,69.0,,
Appendix: Treatment target,Table 11,HbA1c results (mmol/mol) adolescents and young adults with type 1 diabetes not known to paediatric services by age at HbA1c result,2017-21,England,15,Interquartile range - Lower quartile,n,56.0,,
Appendix: Treatment target,Table 11,HbA1c results (mmol/mol) adolescents and young adults with type 1 diabetes not known to paediatric services by age at HbA1c result,2017-21,England,16,Interquartile range - Lower quartile,n,56.3,,
Appendix: Treatment target,Table 11,HbA1c results (mmol/mol) adolescents and young adults with type 1 diabetes not known to paediatric services by age at HbA1c result,2017-21,England,17,Interquartile range - Lower quartile,n,57.0,,
Appendix: Treatment target,Table 11,HbA1c results (mmol/mol) adolescents and young adults with type 1 diabetes not known to paediatric services by age at HbA1c result,2017-21,England,18,Interquartile range - Lower quartile,n,59.0,,
Appendix: Treatment target,Table 11,HbA1c results (mmol/mol) adolescents and young adults with type 1 diabetes not known to paediatric services by age at HbA1c result,2017-21,England,19,Interquartile range - Lower quartile,n,59.0,,
Appendix: Treatment target,Table 11,HbA1c results (mmol/mol) adolescents and young adults with type 1 diabetes not known to paediatric services by age at HbA1c result,2017-21,England,20,Interquartile range - Lower quartile,n,60.0,,
Appendix: Treatment target,Table 11,HbA1c results (mmol/mol) adolescents and young adults with type 1 diabetes not known to paediatric services by age at HbA1c result,2017-21,England,21,Interquartile range - Lower quartile,n,60.0,,
Appendix: Treatment target,Table 11,HbA1c results (mmol/mol) adolescents and young adults with type 1 diabetes not known to paediatric services by age at HbA1c result,2017-21,England,22,Interquartile range - Lower quartile,n,59.0,,
Appendix: Treatment target,Table 11,HbA1c results (mmol/mol) adolescents and young adults with type 1 diabetes not known to paediatric services by age at HbA1c result,2017-21,England,23,Interquartile range - Lower quartile,n,58.0,,
Appendix: Treatment target,Table 11,HbA1c results (mmol/mol) adolescents and young adults with type 1 diabetes not known to paediatric services by age at HbA1c result,2017-21,England,24,Interquartile range - Lower quartile,n,58.0,,
Appendix: Treatment target,Table 11,HbA1c results (mmol/mol) adolescents and young adults with type 1 diabetes not known to paediatric services by age at HbA1c result,2017-21,England,25,Interquartile range - Lower quartile,n,57.4,,
Appendix: Treatment target,Table 11,HbA1c results (mmol/mol) adolescents and young adults with type 1 diabetes not known to paediatric services by age at HbA1c result,2017-21,England,15,Interquartile range - Upper quartile,n,80.0,,
Appendix: Treatment target,Table 11,HbA1c results (mmol/mol) adolescents and young adults with type 1 diabetes not known to paediatric services by age at HbA1c result,2017-21,England,16,Interquartile range - Upper quartile,n,85.0,,
Appendix: Treatment target,Table 11,HbA1c results (mmol/mol) adolescents and young adults with type 1 diabetes not known to paediatric services by age at HbA1c result,2017-21,England,17,Interquartile range - Upper quartile,n,86.0,,
Appendix: Treatment target,Table 11,HbA1c results (mmol/mol) adolescents and young adults with type 1 diabetes not known to paediatric services by age at HbA1c result,2017-21,England,18,Interquartile range - Upper quartile,n,90.0,,
Appendix: Treatment target,Table 11,HbA1c results (mmol/mol) adolescents and young adults with type 1 diabetes not known to paediatric services by age at HbA1c result,2017-21,England,19,Interquartile range - Upper quartile,n,90.0,,
Appendix: Treatment target,Table 11,HbA1c results (mmol/mol) adolescents and young adults with type 1 diabetes not known to paediatric services by age at HbA1c result,2017-21,England,20,Interquartile range - Upper quartile,n,90.0,,
Appendix: Treatment target,Table 11,HbA1c results (mmol/mol) adolescents and young adults with type 1 diabetes not known to paediatric services by age at HbA1c result,2017-21,England,21,Interquartile range - Upper quartile,n,89.0,,
Appendix: Treatment target,Table 11,HbA1c results (mmol/mol) adolescents and young adults with type 1 diabetes not known to paediatric services by age at HbA1c result,2017-21,England,22,Interquartile range - Upper quartile,n,87.7,,
Appendix: Treatment target,Table 11,HbA1c results (mmol/mol) adolescents and young adults with type 1 diabetes not known to paediatric services by age at HbA1c result,2017-21,England,23,Interquartile range - Upper quartile,n,87.0,,
Appendix: Treatment target,Table 11,HbA1c results (mmol/mol) adolescents and young adults with type 1 diabetes not known to paediatric services by age at HbA1c result,2017-21,England,24,Interquartile range - Upper quartile,n,86.0,,
Appendix: Treatment target,Table 11,HbA1c results (mmol/mol) adolescents and young adults with type 1 diabetes not known to paediatric services by age at HbA1c result,2017-21,England,25,Interquartile range - Upper quartile,n,85.0,,
Appendix: Treatment target,Table 11,HbA1c results (mmol/mol) adolescents and young adults with type 1 diabetes not known to paediatric services by age at HbA1c result,2017-21,England,15,Range,n,150.5,,
Appendix: Treatment target,Table 11,HbA1c results (mmol/mol) adolescents and young adults with type 1 diabetes not known to paediatric services by age at HbA1c result,2017-21,England,16,Range,n,170.8,,
Appendix: Treatment target,Table 11,HbA1c results (mmol/mol) adolescents and young adults with type 1 diabetes not known to paediatric services by age at HbA1c result,2017-21,England,17,Range,n,158.0,,
Appendix: Treatment target,Table 11,HbA1c results (mmol/mol) adolescents and young adults with type 1 diabetes not known to paediatric services by age at HbA1c result,2017-21,England,18,Range,n,153.6,,
Appendix: Treatment target,Table 11,HbA1c results (mmol/mol) adolescents and young adults with type 1 diabetes not known to paediatric services by age at HbA1c result,2017-21,England,19,Range,n,163.8,,
Appendix: Treatment target,Table 11,HbA1c results (mmol/mol) adolescents and young adults with type 1 diabetes not known to paediatric services by age at HbA1c result,2017-21,England,20,Range,n,168.0,,
Appendix: Treatment target,Table 11,HbA1c results (mmol/mol) adolescents and young adults with type 1 diabetes not known to paediatric services by age at HbA1c result,2017-21,England,21,Range,n,161.4,,
Appendix: Treatment target,Table 11,HbA1c results (mmol/mol) adolescents and young adults with type 1 diabetes not known to paediatric services by age at HbA1c result,2017-21,England,22,Range,n,171.6,,
Appendix: Treatment target,Table 11,HbA1c results (mmol/mol) adolescents and young adults with type 1 diabetes not known to paediatric services by age at HbA1c result,2017-21,England,23,Range,n,165.0,,
Appendix: Treatment target,Table 11,HbA1c results (mmol/mol) adolescents and young adults with type 1 diabetes not known to paediatric services by age at HbA1c result,2017-21,England,24,Range,n,168.8,,
Appendix: Treatment target,Table 11,HbA1c results (mmol/mol) adolescents and young adults with type 1 diabetes not known to paediatric services by age at HbA1c result,2017-21,England,25,Range,n,160.0,,
Appendix: Treatment target,Table 11,HbA1c results (mmol/mol) adolescents and young adults with type 1 diabetes not known to paediatric services by age at HbA1c result,2017-21,England,15,Standard deviation,n,22.7,,
Appendix: Treatment target,Table 11,HbA1c results (mmol/mol) adolescents and young adults with type 1 diabetes not known to paediatric services by age at HbA1c result,2017-21,England,16,Standard deviation,n,24.2,,
Appendix: Treatment target,Table 11,HbA1c results (mmol/mol) adolescents and young adults with type 1 diabetes not known to paediatric services by age at HbA1c result,2017-21,England,17,Standard deviation,n,23.9,,
Appendix: Treatment target,Table 11,HbA1c results (mmol/mol) adolescents and young adults with type 1 diabetes not known to paediatric services by age at HbA1c result,2017-21,England,18,Standard deviation,n,24.5,,
Appendix: Treatment target,Table 11,HbA1c results (mmol/mol) adolescents and young adults with type 1 diabetes not known to paediatric services by age at HbA1c result,2017-21,England,19,Standard deviation,n,23.9,,
Appendix: Treatment target,Table 11,HbA1c results (mmol/mol) adolescents and young adults with type 1 diabetes not known to paediatric services by age at HbA1c result,2017-21,England,20,Standard deviation,n,23.2,,
Appendix: Treatment target,Table 11,HbA1c results (mmol/mol) adolescents and young adults with type 1 diabetes not known to paediatric services by age at HbA1c result,2017-21,England,21,Standard deviation,n,22.8,,
Appendix: Treatment target,Table 11,HbA1c results (mmol/mol) adolescents and young adults with type 1 diabetes not known to paediatric services by age at HbA1c result,2017-21,England,22,Standard deviation,n,22.5,,
Appendix: Treatment target,Table 11,HbA1c results (mmol/mol) adolescents and young adults with type 1 diabetes not known to paediatric services by age at HbA1c result,2017-21,England,23,Standard deviation,n,21.9,,
Appendix: Treatment target,Table 11,HbA1c results (mmol/mol) adolescents and young adults with type 1 diabetes not known to paediatric services by age at HbA1c result,2017-21,England,24,Standard deviation,n,21.7,,
Appendix: Treatment target,Table 11,HbA1c results (mmol/mol) adolescents and young adults with type 1 diabetes not known to paediatric services by age at HbA1c result,2017-21,England,25,Standard deviation,n,21.7,,
Appendix: Treatment target,Figure 25,Percentage of adolescents and young adults with type 1 diabetes known and not known to paediatric services achieving HbA1c <= 58 mmol/mol by age at HbA1c result,2017-21,England,15,Known to paediatric services,%,26.0,9090.0,2365.0
Appendix: Treatment target,Figure 25,Percentage of adolescents and young adults with type 1 diabetes known and not known to paediatric services achieving HbA1c <= 58 mmol/mol by age at HbA1c result,2017-21,England,15,Not known to paediatric services,%,6.7,9090.0,610.0
Appendix: Treatment target,Figure 25,Percentage of adolescents and young adults with type 1 diabetes known and not known to paediatric services achieving HbA1c <= 58 mmol/mol by age at HbA1c result,2017-21,England,16,Known to paediatric services,%,23.2,9865.0,2285.0
Appendix: Treatment target,Figure 25,Percentage of adolescents and young adults with type 1 diabetes known and not known to paediatric services achieving HbA1c <= 58 mmol/mol by age at HbA1c result,2017-21,England,16,Not known to paediatric services,%,7.7,9865.0,755.0
Appendix: Treatment target,Figure 25,Percentage of adolescents and young adults with type 1 diabetes known and not known to paediatric services achieving HbA1c <= 58 mmol/mol by age at HbA1c result,2017-21,England,17,Known to paediatric services,%,17.9,10975.0,1960.0
Appendix: Treatment target,Figure 25,Percentage of adolescents and young adults with type 1 diabetes known and not known to paediatric services achieving HbA1c <= 58 mmol/mol by age at HbA1c result,2017-21,England,17,Not known to paediatric services,%,10.6,10975.0,1160.0
Appendix: Treatment target,Figure 25,Percentage of adolescents and young adults with type 1 diabetes known and not known to paediatric services achieving HbA1c <= 58 mmol/mol by age at HbA1c result,2017-21,England,18,Known to paediatric services,%,12.0,11270.0,1355.0
Appendix: Treatment target,Figure 25,Percentage of adolescents and young adults with type 1 diabetes known and not known to paediatric services achieving HbA1c <= 58 mmol/mol by age at HbA1c result,2017-21,England,18,Not known to paediatric services,%,13.1,11270.0,1475.0
Appendix: Treatment target,Figure 25,Percentage of adolescents and young adults with type 1 diabetes known and not known to paediatric services achieving HbA1c <= 58 mmol/mol by age at HbA1c result,2017-21,England,19,Known to paediatric services,%,3.3,10955.0,365.0
Appendix: Treatment target,Figure 25,Percentage of adolescents and young adults with type 1 diabetes known and not known to paediatric services achieving HbA1c <= 58 mmol/mol by age at HbA1c result,2017-21,England,19,Not known to paediatric services,%,20.2,10955.0,2210.0
Appendix: Treatment target,Figure 25,Percentage of adolescents and young adults with type 1 diabetes known and not known to paediatric services achieving HbA1c <= 58 mmol/mol by age at HbA1c result,2017-21,England,20,Known to paediatric services,%,0.3,11155.0,35.0
Appendix: Treatment target,Figure 25,Percentage of adolescents and young adults with type 1 diabetes known and not known to paediatric services achieving HbA1c <= 58 mmol/mol by age at HbA1c result,2017-21,England,20,Not known to paediatric services,%,21.7,11155.0,2420.0
Appendix: Treatment target,Figure 25,Percentage of adolescents and young adults with type 1 diabetes known and not known to paediatric services achieving HbA1c <= 58 mmol/mol by age at HbA1c result,2017-21,England,21,Known to paediatric services,%,0.0,11555.0,5.0
Appendix: Treatment target,Figure 25,Percentage of adolescents and young adults with type 1 diabetes known and not known to paediatric services achieving HbA1c <= 58 mmol/mol by age at HbA1c result,2017-21,England,21,Not known to paediatric services,%,22.6,11555.0,2615.0
Appendix: Treatment target,Figure 25,Percentage of adolescents and young adults with type 1 diabetes known and not known to paediatric services achieving HbA1c <= 58 mmol/mol by age at HbA1c result,2017-21,England,22,Known to paediatric services,%,0.0,12130.0,5.0
Appendix: Treatment target,Figure 25,Percentage of adolescents and young adults with type 1 diabetes known and not known to paediatric services achieving HbA1c <= 58 mmol/mol by age at HbA1c result,2017-21,England,22,Not known to paediatric services,%,23.6,12130.0,2860.0
Appendix: Treatment target,Figure 25,Percentage of adolescents and young adults with type 1 diabetes known and not known to paediatric services achieving HbA1c <= 58 mmol/mol by age at HbA1c result,2017-21,England,23,Known to paediatric services,%,0.0,12570.0,5.0
Appendix: Treatment target,Figure 25,Percentage of adolescents and young adults with type 1 diabetes known and not known to paediatric services achieving HbA1c <= 58 mmol/mol by age at HbA1c result,2017-21,England,23,Not known to paediatric services,%,25.2,12570.0,3165.0
Appendix: Treatment target,Figure 25,Percentage of adolescents and young adults with type 1 diabetes known and not known to paediatric services achieving HbA1c <= 58 mmol/mol by age at HbA1c result,2017-21,England,24,Known to paediatric services,%,0.0,12910.0,0.0
Appendix: Treatment target,Figure 25,Percentage of adolescents and young adults with type 1 diabetes known and not known to paediatric services achieving HbA1c <= 58 mmol/mol by age at HbA1c result,2017-21,England,24,Not known to paediatric services,%,25.7,12910.0,3315.0
Appendix: Treatment target,Figure 25,Percentage of adolescents and young adults with type 1 diabetes known and not known to paediatric services achieving HbA1c <= 58 mmol/mol by age at HbA1c result,2017-21,England,25,Known to paediatric services,%,0.0,13250.0,0.0
Appendix: Treatment target,Figure 25,Percentage of adolescents and young adults with type 1 diabetes known and not known to paediatric services achieving HbA1c <= 58 mmol/mol by age at HbA1c result,2017-21,England,25,Not known to paediatric services,%,27.2,13250.0,3600.0
Appendix: Treatment target,Figure 26,Percentage of adolescents and young adults with type 1 diabetes achieving HbA1c <= 58 mmol/mol by age at HbA1c result and whether known to paediatric services,2017-21,England,15,Known to paediatric services,%,32.9,7180.0,2365.0
Appendix: Treatment target,Figure 26,Percentage of adolescents and young adults with type 1 diabetes achieving HbA1c <= 58 mmol/mol by age at HbA1c result and whether known to paediatric services,2017-21,England,16,Known to paediatric services,%,31.3,7310.0,2285.0
Appendix: Treatment target,Figure 26,Percentage of adolescents and young adults with type 1 diabetes achieving HbA1c <= 58 mmol/mol by age at HbA1c result and whether known to paediatric services,2017-21,England,17,Known to paediatric services,%,28.6,6860.0,1960.0
Appendix: Treatment target,Figure 26,Percentage of adolescents and young adults with type 1 diabetes achieving HbA1c <= 58 mmol/mol by age at HbA1c result and whether known to paediatric services,2017-21,England,18,Known to paediatric services,%,25.5,5305.0,1355.0
Appendix: Treatment target,Figure 26,Percentage of adolescents and young adults with type 1 diabetes achieving HbA1c <= 58 mmol/mol by age at HbA1c result and whether known to paediatric services,2017-21,England,19,Known to paediatric services,%,25.3,1445.0,365.0
Appendix: Treatment target,Figure 26,Percentage of adolescents and young adults with type 1 diabetes achieving HbA1c <= 58 mmol/mol by age at HbA1c result and whether known to paediatric services,2017-21,England,20,Known to paediatric services,%,26.9,130.0,35.0
Appendix: Treatment target,Figure 26,Percentage of adolescents and young adults with type 1 diabetes achieving HbA1c <= 58 mmol/mol by age at HbA1c result and whether known to paediatric services,2017-21,England,15,Not known to paediatric services,%,31.9,1910.0,610.0
Appendix: Treatment target,Figure 26,Percentage of adolescents and young adults with type 1 diabetes achieving HbA1c <= 58 mmol/mol by age at HbA1c result and whether known to paediatric services,2017-21,England,16,Not known to paediatric services,%,29.5,2555.0,755.0
Appendix: Treatment target,Figure 26,Percentage of adolescents and young adults with type 1 diabetes achieving HbA1c <= 58 mmol/mol by age at HbA1c result and whether known to paediatric services,2017-21,England,17,Not known to paediatric services,%,28.2,4115.0,1160.0
Appendix: Treatment target,Figure 26,Percentage of adolescents and young adults with type 1 diabetes achieving HbA1c <= 58 mmol/mol by age at HbA1c result and whether known to paediatric services,2017-21,England,18,Not known to paediatric services,%,24.7,5960.0,1475.0
Appendix: Treatment target,Figure 26,Percentage of adolescents and young adults with type 1 diabetes achieving HbA1c <= 58 mmol/mol by age at HbA1c result and whether known to paediatric services,2017-21,England,19,Not known to paediatric services,%,23.3,9505.0,2210.0
Appendix: Treatment target,Figure 26,Percentage of adolescents and young adults with type 1 diabetes achieving HbA1c <= 58 mmol/mol by age at HbA1c result and whether known to paediatric services,2017-21,England,20,Not known to paediatric services,%,21.9,11030.0,2420.0
Appendix: Treatment target,Figure 27,Percentage of adolescents and young adults with type 1 diabetes known and not known to paediatric services and with HbA1c > 86 mmol/mol by age at HbA1c result,2017-21,England,15,Known to paediatric services,%,11.9,9090.0,1085.0
Appendix: Treatment target,Figure 27,Percentage of adolescents and young adults with type 1 diabetes known and not known to paediatric services and with HbA1c > 86 mmol/mol by age at HbA1c result,2017-21,England,15,Not known to paediatric services,%,3.9,9090.0,355.0
Appendix: Treatment target,Figure 27,Percentage of adolescents and young adults with type 1 diabetes known and not known to paediatric services and with HbA1c > 86 mmol/mol by age at HbA1c result,2017-21,England,16,Known to paediatric services,%,13.9,9865.0,1375.0
Appendix: Treatment target,Figure 27,Percentage of adolescents and young adults with type 1 diabetes known and not known to paediatric services and with HbA1c > 86 mmol/mol by age at HbA1c result,2017-21,England,16,Not known to paediatric services,%,5.9,9865.0,585.0
Appendix: Treatment target,Figure 27,Percentage of adolescents and young adults with type 1 diabetes known and not known to paediatric services and with HbA1c > 86 mmol/mol by age at HbA1c result,2017-21,England,17,Known to paediatric services,%,13.4,10975.0,1475.0
Appendix: Treatment target,Figure 27,Percentage of adolescents and young adults with type 1 diabetes known and not known to paediatric services and with HbA1c > 86 mmol/mol by age at HbA1c result,2017-21,England,17,Not known to paediatric services,%,9.2,10975.0,1005.0
Appendix: Treatment target,Figure 27,Percentage of adolescents and young adults with type 1 diabetes known and not known to paediatric services and with HbA1c > 86 mmol/mol by age at HbA1c result,2017-21,England,18,Known to paediatric services,%,11.2,11270.0,1260.0
Appendix: Treatment target,Figure 27,Percentage of adolescents and young adults with type 1 diabetes known and not known to paediatric services and with HbA1c > 86 mmol/mol by age at HbA1c result,2017-21,England,18,Not known to paediatric services,%,14.9,11270.0,1675.0
Appendix: Treatment target,Figure 27,Percentage of adolescents and young adults with type 1 diabetes known and not known to paediatric services and with HbA1c > 86 mmol/mol by age at HbA1c result,2017-21,England,19,Known to paediatric services,%,3.1,10955.0,335.0
Appendix: Treatment target,Figure 27,Percentage of adolescents and young adults with type 1 diabetes known and not known to paediatric services and with HbA1c > 86 mmol/mol by age at HbA1c result,2017-21,England,19,Not known to paediatric services,%,24.8,10955.0,2720.0
Appendix: Treatment target,Figure 27,Percentage of adolescents and young adults with type 1 diabetes known and not known to paediatric services and with HbA1c > 86 mmol/mol by age at HbA1c result,2017-21,England,20,Known to paediatric services,%,0.3,11155.0,35.0
Appendix: Treatment target,Figure 27,Percentage of adolescents and young adults with type 1 diabetes known and not known to paediatric services and with HbA1c > 86 mmol/mol by age at HbA1c result,2017-21,England,20,Not known to paediatric services,%,28.5,11155.0,3175.0
Appendix: Treatment target,Figure 27,Percentage of adolescents and young adults with type 1 diabetes known and not known to paediatric services and with HbA1c > 86 mmol/mol by age at HbA1c result,2017-21,England,21,Known to paediatric services,%,0.0,11555.0,5.0
Appendix: Treatment target,Figure 27,Percentage of adolescents and young adults with type 1 diabetes known and not known to paediatric services and with HbA1c > 86 mmol/mol by age at HbA1c result,2017-21,England,21,Not known to paediatric services,%,27.6,11555.0,3185.0
Appendix: Treatment target,Figure 27,Percentage of adolescents and young adults with type 1 diabetes known and not known to paediatric services and with HbA1c > 86 mmol/mol by age at HbA1c result,2017-21,England,22,Known to paediatric services,%,0.0,12130.0,5.0
Appendix: Treatment target,Figure 27,Percentage of adolescents and young adults with type 1 diabetes known and not known to paediatric services and with HbA1c > 86 mmol/mol by age at HbA1c result,2017-21,England,22,Not known to paediatric services,%,26.3,12130.0,3185.0
Appendix: Treatment target,Figure 27,Percentage of adolescents and young adults with type 1 diabetes known and not known to paediatric services and with HbA1c > 86 mmol/mol by age at HbA1c result,2017-21,England,23,Known to paediatric services,%,0.0,12570.0,0.0
Appendix: Treatment target,Figure 27,Percentage of adolescents and young adults with type 1 diabetes known and not known to paediatric services and with HbA1c > 86 mmol/mol by age at HbA1c result,2017-21,England,23,Not known to paediatric services,%,25.1,12570.0,3150.0
Appendix: Treatment target,Figure 27,Percentage of adolescents and young adults with type 1 diabetes known and not known to paediatric services and with HbA1c > 86 mmol/mol by age at HbA1c result,2017-21,England,24,Known to paediatric services,%,0.0,12910.0,0.0
Appendix: Treatment target,Figure 27,Percentage of adolescents and young adults with type 1 diabetes known and not known to paediatric services and with HbA1c > 86 mmol/mol by age at HbA1c result,2017-21,England,24,Not known to paediatric services,%,24.2,12910.0,3125.0
Appendix: Treatment target,Figure 27,Percentage of adolescents and young adults with type 1 diabetes known and not known to paediatric services and with HbA1c > 86 mmol/mol by age at HbA1c result,2017-21,England,25,Known to paediatric services,%,0.0,13250.0,0.0
Appendix: Treatment target,Figure 27,Percentage of adolescents and young adults with type 1 diabetes known and not known to paediatric services and with HbA1c > 86 mmol/mol by age at HbA1c result,2017-21,England,25,Not known to paediatric services,%,23.2,13250.0,3070.0
Appendix: Treatment target,Figure 28,Percentage of adolescents and young adults with type 1 diabetes and HbA1c > 86 mmol/mol by age at HbA1c result and whether known to paediatric services,2017-21,England,15,Known to paediatric services,%,15.1,7180.0,1085.0
Appendix: Treatment target,Figure 28,Percentage of adolescents and young adults with type 1 diabetes and HbA1c > 86 mmol/mol by age at HbA1c result and whether known to paediatric services,2017-21,England,16,Known to paediatric services,%,18.8,7310.0,1375.0
Appendix: Treatment target,Figure 28,Percentage of adolescents and young adults with type 1 diabetes and HbA1c > 86 mmol/mol by age at HbA1c result and whether known to paediatric services,2017-21,England,17,Known to paediatric services,%,21.5,6860.0,1475.0
Appendix: Treatment target,Figure 28,Percentage of adolescents and young adults with type 1 diabetes and HbA1c > 86 mmol/mol by age at HbA1c result and whether known to paediatric services,2017-21,England,18,Known to paediatric services,%,23.8,5305.0,1260.0
Appendix: Treatment target,Figure 28,Percentage of adolescents and young adults with type 1 diabetes and HbA1c > 86 mmol/mol by age at HbA1c result and whether known to paediatric services,2017-21,England,19,Known to paediatric services,%,23.2,1445.0,335.0
Appendix: Treatment target,Figure 28,Percentage of adolescents and young adults with type 1 diabetes and HbA1c > 86 mmol/mol by age at HbA1c result and whether known to paediatric services,2017-21,England,20,Known to paediatric services,%,26.9,130.0,35.0
Appendix: Treatment target,Figure 28,Percentage of adolescents and young adults with type 1 diabetes and HbA1c > 86 mmol/mol by age at HbA1c result and whether known to paediatric services,2017-21,England,15,Not known to paediatric services,%,18.6,1910.0,355.0
Appendix: Treatment target,Figure 28,Percentage of adolescents and young adults with type 1 diabetes and HbA1c > 86 mmol/mol by age at HbA1c result and whether known to paediatric services,2017-21,England,16,Not known to paediatric services,%,22.9,2555.0,585.0
Appendix: Treatment target,Figure 28,Percentage of adolescents and young adults with type 1 diabetes and HbA1c > 86 mmol/mol by age at HbA1c result and whether known to paediatric services,2017-21,England,17,Not known to paediatric services,%,24.4,4115.0,1005.0
Appendix: Treatment target,Figure 28,Percentage of adolescents and young adults with type 1 diabetes and HbA1c > 86 mmol/mol by age at HbA1c result and whether known to paediatric services,2017-21,England,18,Not known to paediatric services,%,28.1,5960.0,1675.0
Appendix: Treatment target,Figure 28,Percentage of adolescents and young adults with type 1 diabetes and HbA1c > 86 mmol/mol by age at HbA1c result and whether known to paediatric services,2017-21,England,19,Not known to paediatric services,%,28.6,9505.0,2720.0
Appendix: Treatment target,Figure 28,Percentage of adolescents and young adults with type 1 diabetes and HbA1c > 86 mmol/mol by age at HbA1c result and whether known to paediatric services,2017-21,England,20,Not known to paediatric services,%,28.8,11030.0,3175.0
Appendix: HbA1c at transfer from paediatric to adult services,Figure 29,Median and mean HbA1c result (mmol/mol) by age at completed transfer from paediatric services to adult services,2017-21,England,15,Median,n,65.0,,
Appendix: HbA1c at transfer from paediatric to adult services,Figure 29,Median and mean HbA1c result (mmol/mol) by age at completed transfer from paediatric services to adult services,2017-21,England,16,Median,n,69.0,,
Appendix: HbA1c at transfer from paediatric to adult services,Figure 29,Median and mean HbA1c result (mmol/mol) by age at completed transfer from paediatric services to adult services,2017-21,England,17,Median,n,68.0,,
Appendix: HbA1c at transfer from paediatric to adult services,Figure 29,Median and mean HbA1c result (mmol/mol) by age at completed transfer from paediatric services to adult services,2017-21,England,18,Median,n,69.0,,
Appendix: HbA1c at transfer from paediatric to adult services,Figure 29,Median and mean HbA1c result (mmol/mol) by age at completed transfer from paediatric services to adult services,2017-21,England,19,Median,n,71.0,,
Appendix: HbA1c at transfer from paediatric to adult services,Figure 29,Median and mean HbA1c result (mmol/mol) by age at completed transfer from paediatric services to adult services,2017-21,England,20,Median,n,71.7,,
Appendix: HbA1c at transfer from paediatric to adult services,Figure 29,Median and mean HbA1c result (mmol/mol) by age at completed transfer from paediatric services to adult services,2017-21,England,15,Mean,n,72.5,,
Appendix: HbA1c at transfer from paediatric to adult services,Figure 29,Median and mean HbA1c result (mmol/mol) by age at completed transfer from paediatric services to adult services,2017-21,England,16,Mean,n,73.3,,
Appendix: HbA1c at transfer from paediatric to adult services,Figure 29,Median and mean HbA1c result (mmol/mol) by age at completed transfer from paediatric services to adult services,2017-21,England,17,Mean,n,73.4,,
Appendix: HbA1c at transfer from paediatric to adult services,Figure 29,Median and mean HbA1c result (mmol/mol) by age at completed transfer from paediatric services to adult services,2017-21,England,18,Mean,n,73.7,,
Appendix: HbA1c at transfer from paediatric to adult services,Figure 29,Median and mean HbA1c result (mmol/mol) by age at completed transfer from paediatric services to adult services,2017-21,England,19,Mean,n,75.0,,
Appendix: HbA1c at transfer from paediatric to adult services,Figure 29,Median and mean HbA1c result (mmol/mol) by age at completed transfer from paediatric services to adult services,2017-21,England,20,Mean,n,75.3,,
Appendix: HbA1c at transfer from paediatric to adult services,Table 12,HbA1c results (mmol/mol) by age at completed transfer from paediatric services to adult services,2017-21,England,15,Number of people,n,25.0,,
Appendix: HbA1c at transfer from paediatric to adult services,Table 12,HbA1c results (mmol/mol) by age at completed transfer from paediatric services to adult services,2017-21,England,16,Number of people,n,455.0,,
Appendix: HbA1c at transfer from paediatric to adult services,Table 12,HbA1c results (mmol/mol) by age at completed transfer from paediatric services to adult services,2017-21,England,17,Number of people,n,800.0,,
Appendix: HbA1c at transfer from paediatric to adult services,Table 12,HbA1c results (mmol/mol) by age at completed transfer from paediatric services to adult services,2017-21,England,18,Number of people,n,2070.0,,
Appendix: HbA1c at transfer from paediatric to adult services,Table 12,HbA1c results (mmol/mol) by age at completed transfer from paediatric services to adult services,2017-21,England,19,Number of people,n,1155.0,,
Appendix: HbA1c at transfer from paediatric to adult services,Table 12,HbA1c results (mmol/mol) by age at completed transfer from paediatric services to adult services,2017-21,England,20,Number of people,n,75.0,,
Appendix: HbA1c at transfer from paediatric to adult services,Table 12,HbA1c results (mmol/mol) by age at completed transfer from paediatric services to adult services,2017-21,England,15,Mean,n,72.5,,
Appendix: HbA1c at transfer from paediatric to adult services,Table 12,HbA1c results (mmol/mol) by age at completed transfer from paediatric services to adult services,2017-21,England,16,Mean,n,73.3,,
Appendix: HbA1c at transfer from paediatric to adult services,Table 12,HbA1c results (mmol/mol) by age at completed transfer from paediatric services to adult services,2017-21,England,17,Mean,n,73.4,,
Appendix: HbA1c at transfer from paediatric to adult services,Table 12,HbA1c results (mmol/mol) by age at completed transfer from paediatric services to adult services,2017-21,England,18,Mean,n,73.7,,
Appendix: HbA1c at transfer from paediatric to adult services,Table 12,HbA1c results (mmol/mol) by age at completed transfer from paediatric services to adult services,2017-21,England,19,Mean,n,75.0,,
Appendix: HbA1c at transfer from paediatric to adult services,Table 12,HbA1c results (mmol/mol) by age at completed transfer from paediatric services to adult services,2017-21,England,20,Mean,n,75.3,,
Appendix: HbA1c at transfer from paediatric to adult services,Table 12,HbA1c results (mmol/mol) by age at completed transfer from paediatric services to adult services,2017-21,England,15,Median,n,65.0,,
Appendix: HbA1c at transfer from paediatric to adult services,Table 12,HbA1c results (mmol/mol) by age at completed transfer from paediatric services to adult services,2017-21,England,16,Median,n,69.0,,
Appendix: HbA1c at transfer from paediatric to adult services,Table 12,HbA1c results (mmol/mol) by age at completed transfer from paediatric services to adult services,2017-21,England,17,Median,n,68.0,,
Appendix: HbA1c at transfer from paediatric to adult services,Table 12,HbA1c results (mmol/mol) by age at completed transfer from paediatric services to adult services,2017-21,England,18,Median,n,69.0,,
Appendix: HbA1c at transfer from paediatric to adult services,Table 12,HbA1c results (mmol/mol) by age at completed transfer from paediatric services to adult services,2017-21,England,19,Median,n,71.0,,
Appendix: HbA1c at transfer from paediatric to adult services,Table 12,HbA1c results (mmol/mol) by age at completed transfer from paediatric services to adult services,2017-21,England,20,Median,n,71.7,,
Appendix: HbA1c at transfer from paediatric to adult services,Table 12,HbA1c results (mmol/mol) by age at completed transfer from paediatric services to adult services,2017-21,England,15,Interquartile range - Lower quartile,n,54.0,,
Appendix: HbA1c at transfer from paediatric to adult services,Table 12,HbA1c results (mmol/mol) by age at completed transfer from paediatric services to adult services,2017-21,England,16,Interquartile range - Lower quartile,n,58.0,,
Appendix: HbA1c at transfer from paediatric to adult services,Table 12,HbA1c results (mmol/mol) by age at completed transfer from paediatric services to adult services,2017-21,England,17,Interquartile range - Lower quartile,n,58.0,,
Appendix: HbA1c at transfer from paediatric to adult services,Table 12,HbA1c results (mmol/mol) by age at completed transfer from paediatric services to adult services,2017-21,England,18,Interquartile range - Lower quartile,n,58.2,,
Appendix: HbA1c at transfer from paediatric to adult services,Table 12,HbA1c results (mmol/mol) by age at completed transfer from paediatric services to adult services,2017-21,England,19,Interquartile range - Lower quartile,n,59.0,,
Appendix: HbA1c at transfer from paediatric to adult services,Table 12,HbA1c results (mmol/mol) by age at completed transfer from paediatric services to adult services,2017-21,England,20,Interquartile range - Lower quartile,n,58.0,,
Appendix: HbA1c at transfer from paediatric to adult services,Table 12,HbA1c results (mmol/mol) by age at completed transfer from paediatric services to adult services,2017-21,England,15,Interquartile range - Upper quartile,n,85.0,,
Appendix: HbA1c at transfer from paediatric to adult services,Table 12,HbA1c results (mmol/mol) by age at completed transfer from paediatric services to adult services,2017-21,England,16,Interquartile range - Upper quartile,n,83.0,,
Appendix: HbA1c at transfer from paediatric to adult services,Table 12,HbA1c results (mmol/mol) by age at completed transfer from paediatric services to adult services,2017-21,England,17,Interquartile range - Upper quartile,n,84.0,,
Appendix: HbA1c at transfer from paediatric to adult services,Table 12,HbA1c results (mmol/mol) by age at completed transfer from paediatric services to adult services,2017-21,England,18,Interquartile range - Upper quartile,n,84.5,,
Appendix: HbA1c at transfer from paediatric to adult services,Table 12,HbA1c results (mmol/mol) by age at completed transfer from paediatric services to adult services,2017-21,England,19,Interquartile range - Upper quartile,n,87.0,,
Appendix: HbA1c at transfer from paediatric to adult services,Table 12,HbA1c results (mmol/mol) by age at completed transfer from paediatric services to adult services,2017-21,England,20,Interquartile range - Upper quartile,n,87.3,,
Appendix: HbA1c at transfer from paediatric to adult services,Table 12,HbA1c results (mmol/mol) by age at completed transfer from paediatric services to adult services,2017-21,England,15,Range,n,78.7,,
Appendix: HbA1c at transfer from paediatric to adult services,Table 12,HbA1c results (mmol/mol) by age at completed transfer from paediatric services to adult services,2017-21,England,16,Range,n,111.0,,
Appendix: HbA1c at transfer from paediatric to adult services,Table 12,HbA1c results (mmol/mol) by age at completed transfer from paediatric services to adult services,2017-21,England,17,Range,n,134.0,,
Appendix: HbA1c at transfer from paediatric to adult services,Table 12,HbA1c results (mmol/mol) by age at completed transfer from paediatric services to adult services,2017-21,England,18,Range,n,156.6,,
Appendix: HbA1c at transfer from paediatric to adult services,Table 12,HbA1c results (mmol/mol) by age at completed transfer from paediatric services to adult services,2017-21,England,19,Range,n,136.6,,
Appendix: HbA1c at transfer from paediatric to adult services,Table 12,HbA1c results (mmol/mol) by age at completed transfer from paediatric services to adult services,2017-21,England,20,Range,n,119.0,,
Appendix: HbA1c at transfer from paediatric to adult services,Table 12,HbA1c results (mmol/mol) by age at completed transfer from paediatric services to adult services,2017-21,England,15,Standard deviation,n,21.8,,
Appendix: HbA1c at transfer from paediatric to adult services,Table 12,HbA1c results (mmol/mol) by age at completed transfer from paediatric services to adult services,2017-21,England,16,Standard deviation,n,22.3,,
Appendix: HbA1c at transfer from paediatric to adult services,Table 12,HbA1c results (mmol/mol) by age at completed transfer from paediatric services to adult services,2017-21,England,17,Standard deviation,n,21.9,,
Appendix: HbA1c at transfer from paediatric to adult services,Table 12,HbA1c results (mmol/mol) by age at completed transfer from paediatric services to adult services,2017-21,England,18,Standard deviation,n,21.3,,
Appendix: HbA1c at transfer from paediatric to adult services,Table 12,HbA1c results (mmol/mol) by age at completed transfer from paediatric services to adult services,2017-21,England,19,Standard deviation,n,21.8,,
Appendix: HbA1c at transfer from paediatric to adult services,Table 12,HbA1c results (mmol/mol) by age at completed transfer from paediatric services to adult services,2017-21,England,20,Standard deviation,n,22.7,,
Appendix: Insulin pump,Table 13,HbA1c results (mmol/mol) of adolescents and young adults with type 1 diabetes on an insulin pump by age at audit year start,2017-21,England,15,Number of people,n,3115.0,,
Appendix: Insulin pump,Table 13,HbA1c results (mmol/mol) of adolescents and young adults with type 1 diabetes on an insulin pump by age at audit year start,2017-21,England,16,Number of people,n,3085.0,,
Appendix: Insulin pump,Table 13,HbA1c results (mmol/mol) of adolescents and young adults with type 1 diabetes on an insulin pump by age at audit year start,2017-21,England,17,Number of people,n,2935.0,,
Appendix: Insulin pump,Table 13,HbA1c results (mmol/mol) of adolescents and young adults with type 1 diabetes on an insulin pump by age at audit year start,2017-21,England,18,Number of people,n,2575.0,,
Appendix: Insulin pump,Table 13,HbA1c results (mmol/mol) of adolescents and young adults with type 1 diabetes on an insulin pump by age at audit year start,2017-21,England,19,Number of people,n,2160.0,,
Appendix: Insulin pump,Table 13,HbA1c results (mmol/mol) of adolescents and young adults with type 1 diabetes on an insulin pump by age at audit year start,2017-21,England,20,Number of people,n,1945.0,,
Appendix: Insulin pump,Table 13,HbA1c results (mmol/mol) of adolescents and young adults with type 1 diabetes on an insulin pump by age at audit year start,2017-21,England,21,Number of people,n,1835.0,,
Appendix: Insulin pump,Table 13,HbA1c results (mmol/mol) of adolescents and young adults with type 1 diabetes on an insulin pump by age at audit year start,2017-21,England,22,Number of people,n,1740.0,,
Appendix: Insulin pump,Table 13,HbA1c results (mmol/mol) of adolescents and young adults with type 1 diabetes on an insulin pump by age at audit year start,2017-21,England,23,Number of people,n,1660.0,,
Appendix: Insulin pump,Table 13,HbA1c results (mmol/mol) of adolescents and young adults with type 1 diabetes on an insulin pump by age at audit year start,2017-21,England,24,Number of people,n,1645.0,,
Appendix: Insulin pump,Table 13,HbA1c results (mmol/mol) of adolescents and young adults with type 1 diabetes on an insulin pump by age at audit year start,2017-21,England,25,Number of people,n,1705.0,,
Appendix: Insulin pump,Table 13,HbA1c results (mmol/mol) of adolescents and young adults with type 1 diabetes on an insulin pump by age at audit year start,2017-21,England,15,Mean,n,65.3,,
Appendix: Insulin pump,Table 13,HbA1c results (mmol/mol) of adolescents and young adults with type 1 diabetes on an insulin pump by age at audit year start,2017-21,England,16,Mean,n,66.8,,
Appendix: Insulin pump,Table 13,HbA1c results (mmol/mol) of adolescents and young adults with type 1 diabetes on an insulin pump by age at audit year start,2017-21,England,17,Mean,n,68.9,,
Appendix: Insulin pump,Table 13,HbA1c results (mmol/mol) of adolescents and young adults with type 1 diabetes on an insulin pump by age at audit year start,2017-21,England,18,Mean,n,70.5,,
Appendix: Insulin pump,Table 13,HbA1c results (mmol/mol) of adolescents and young adults with type 1 diabetes on an insulin pump by age at audit year start,2017-21,England,19,Mean,n,72.2,,
Appendix: Insulin pump,Table 13,HbA1c results (mmol/mol) of adolescents and young adults with type 1 diabetes on an insulin pump by age at audit year start,2017-21,England,20,Mean,n,70.9,,
Appendix: Insulin pump,Table 13,HbA1c results (mmol/mol) of adolescents and young adults with type 1 diabetes on an insulin pump by age at audit year start,2017-21,England,21,Mean,n,70.7,,
Appendix: Insulin pump,Table 13,HbA1c results (mmol/mol) of adolescents and young adults with type 1 diabetes on an insulin pump by age at audit year start,2017-21,England,22,Mean,n,69.6,,
Appendix: Insulin pump,Table 13,HbA1c results (mmol/mol) of adolescents and young adults with type 1 diabetes on an insulin pump by age at audit year start,2017-21,England,23,Mean,n,68.1,,
Appendix: Insulin pump,Table 13,HbA1c results (mmol/mol) of adolescents and young adults with type 1 diabetes on an insulin pump by age at audit year start,2017-21,England,24,Mean,n,67.7,,
Appendix: Insulin pump,Table 13,HbA1c results (mmol/mol) of adolescents and young adults with type 1 diabetes on an insulin pump by age at audit year start,2017-21,England,25,Mean,n,66.2,,
Appendix: Insulin pump,Table 13,HbA1c results (mmol/mol) of adolescents and young adults with type 1 diabetes on an insulin pump by age at audit year start,2017-21,England,15,Median,n,62.0,,
Appendix: Insulin pump,Table 13,HbA1c results (mmol/mol) of adolescents and young adults with type 1 diabetes on an insulin pump by age at audit year start,2017-21,England,16,Median,n,63.9,,
Appendix: Insulin pump,Table 13,HbA1c results (mmol/mol) of adolescents and young adults with type 1 diabetes on an insulin pump by age at audit year start,2017-21,England,17,Median,n,65.0,,
Appendix: Insulin pump,Table 13,HbA1c results (mmol/mol) of adolescents and young adults with type 1 diabetes on an insulin pump by age at audit year start,2017-21,England,18,Median,n,67.0,,
Appendix: Insulin pump,Table 13,HbA1c results (mmol/mol) of adolescents and young adults with type 1 diabetes on an insulin pump by age at audit year start,2017-21,England,19,Median,n,69.0,,
Appendix: Insulin pump,Table 13,HbA1c results (mmol/mol) of adolescents and young adults with type 1 diabetes on an insulin pump by age at audit year start,2017-21,England,20,Median,n,67.0,,
Appendix: Insulin pump,Table 13,HbA1c results (mmol/mol) of adolescents and young adults with type 1 diabetes on an insulin pump by age at audit year start,2017-21,England,21,Median,n,67.0,,
Appendix: Insulin pump,Table 13,HbA1c results (mmol/mol) of adolescents and young adults with type 1 diabetes on an insulin pump by age at audit year start,2017-21,England,22,Median,n,67.0,,
Appendix: Insulin pump,Table 13,HbA1c results (mmol/mol) of adolescents and young adults with type 1 diabetes on an insulin pump by age at audit year start,2017-21,England,23,Median,n,65.0,,
Appendix: Insulin pump,Table 13,HbA1c results (mmol/mol) of adolescents and young adults with type 1 diabetes on an insulin pump by age at audit year start,2017-21,England,24,Median,n,65.0,,
Appendix: Insulin pump,Table 13,HbA1c results (mmol/mol) of adolescents and young adults with type 1 diabetes on an insulin pump by age at audit year start,2017-21,England,25,Median,n,63.0,,
Appendix: Insulin pump,Table 13,HbA1c results (mmol/mol) of adolescents and young adults with type 1 diabetes on an insulin pump by age at audit year start,2017-21,England,15,Interquartile range - Lower quartile,n,55.0,,
Appendix: Insulin pump,Table 13,HbA1c results (mmol/mol) of adolescents and young adults with type 1 diabetes on an insulin pump by age at audit year start,2017-21,England,16,Interquartile range - Lower quartile,n,55.0,,
Appendix: Insulin pump,Table 13,HbA1c results (mmol/mol) of adolescents and young adults with type 1 diabetes on an insulin pump by age at audit year start,2017-21,England,17,Interquartile range - Lower quartile,n,56.0,,
Appendix: Insulin pump,Table 13,HbA1c results (mmol/mol) of adolescents and young adults with type 1 diabetes on an insulin pump by age at audit year start,2017-21,England,18,Interquartile range - Lower quartile,n,57.0,,
Appendix: Insulin pump,Table 13,HbA1c results (mmol/mol) of adolescents and young adults with type 1 diabetes on an insulin pump by age at audit year start,2017-21,England,19,Interquartile range - Lower quartile,n,58.0,,
Appendix: Insulin pump,Table 13,HbA1c results (mmol/mol) of adolescents and young adults with type 1 diabetes on an insulin pump by age at audit year start,2017-21,England,20,Interquartile range - Lower quartile,n,58.0,,
Appendix: Insulin pump,Table 13,HbA1c results (mmol/mol) of adolescents and young adults with type 1 diabetes on an insulin pump by age at audit year start,2017-21,England,21,Interquartile range - Lower quartile,n,58.0,,
Appendix: Insulin pump,Table 13,HbA1c results (mmol/mol) of adolescents and young adults with type 1 diabetes on an insulin pump by age at audit year start,2017-21,England,22,Interquartile range - Lower quartile,n,58.0,,
Appendix: Insulin pump,Table 13,HbA1c results (mmol/mol) of adolescents and young adults with type 1 diabetes on an insulin pump by age at audit year start,2017-21,England,23,Interquartile range - Lower quartile,n,56.0,,
Appendix: Insulin pump,Table 13,HbA1c results (mmol/mol) of adolescents and young adults with type 1 diabetes on an insulin pump by age at audit year start,2017-21,England,24,Interquartile range - Lower quartile,n,56.0,,
Appendix: Insulin pump,Table 13,HbA1c results (mmol/mol) of adolescents and young adults with type 1 diabetes on an insulin pump by age at audit year start,2017-21,England,25,Interquartile range - Lower quartile,n,55.0,,
Appendix: Insulin pump,Table 13,HbA1c results (mmol/mol) of adolescents and young adults with type 1 diabetes on an insulin pump by age at audit year start,2017-21,England,15,Interquartile range - Upper quartile,n,72.0,,
Appendix: Insulin pump,Table 13,HbA1c results (mmol/mol) of adolescents and young adults with type 1 diabetes on an insulin pump by age at audit year start,2017-21,England,16,Interquartile range - Upper quartile,n,74.0,,
Appendix: Insulin pump,Table 13,HbA1c results (mmol/mol) of adolescents and young adults with type 1 diabetes on an insulin pump by age at audit year start,2017-21,England,17,Interquartile range - Upper quartile,n,77.0,,
Appendix: Insulin pump,Table 13,HbA1c results (mmol/mol) of adolescents and young adults with type 1 diabetes on an insulin pump by age at audit year start,2017-21,England,18,Interquartile range - Upper quartile,n,80.0,,
Appendix: Insulin pump,Table 13,HbA1c results (mmol/mol) of adolescents and young adults with type 1 diabetes on an insulin pump by age at audit year start,2017-21,England,19,Interquartile range - Upper quartile,n,81.0,,
Appendix: Insulin pump,Table 13,HbA1c results (mmol/mol) of adolescents and young adults with type 1 diabetes on an insulin pump by age at audit year start,2017-21,England,20,Interquartile range - Upper quartile,n,80.0,,
Appendix: Insulin pump,Table 13,HbA1c results (mmol/mol) of adolescents and young adults with type 1 diabetes on an insulin pump by age at audit year start,2017-21,England,21,Interquartile range - Upper quartile,n,80.0,,
Appendix: Insulin pump,Table 13,HbA1c results (mmol/mol) of adolescents and young adults with type 1 diabetes on an insulin pump by age at audit year start,2017-21,England,22,Interquartile range - Upper quartile,n,78.0,,
Appendix: Insulin pump,Table 13,HbA1c results (mmol/mol) of adolescents and young adults with type 1 diabetes on an insulin pump by age at audit year start,2017-21,England,23,Interquartile range - Upper quartile,n,77.0,,
Appendix: Insulin pump,Table 13,HbA1c results (mmol/mol) of adolescents and young adults with type 1 diabetes on an insulin pump by age at audit year start,2017-21,England,24,Interquartile range - Upper quartile,n,77.0,,
Appendix: Insulin pump,Table 13,HbA1c results (mmol/mol) of adolescents and young adults with type 1 diabetes on an insulin pump by age at audit year start,2017-21,England,25,Interquartile range - Upper quartile,n,74.0,,
Appendix: Insulin pump,Table 13,HbA1c results (mmol/mol) of adolescents and young adults with type 1 diabetes on an insulin pump by age at audit year start,2017-21,England,15,Range,n,115.0,,
Appendix: Insulin pump,Table 13,HbA1c results (mmol/mol) of adolescents and young adults with type 1 diabetes on an insulin pump by age at audit year start,2017-21,England,16,Range,n,121.0,,
Appendix: Insulin pump,Table 13,HbA1c results (mmol/mol) of adolescents and young adults with type 1 diabetes on an insulin pump by age at audit year start,2017-21,England,17,Range,n,140.8,,
Appendix: Insulin pump,Table 13,HbA1c results (mmol/mol) of adolescents and young adults with type 1 diabetes on an insulin pump by age at audit year start,2017-21,England,18,Range,n,131.0,,
Appendix: Insulin pump,Table 13,HbA1c results (mmol/mol) of adolescents and young adults with type 1 diabetes on an insulin pump by age at audit year start,2017-21,England,19,Range,n,138.0,,
Appendix: Insulin pump,Table 13,HbA1c results (mmol/mol) of adolescents and young adults with type 1 diabetes on an insulin pump by age at audit year start,2017-21,England,20,Range,n,138.4,,
Appendix: Insulin pump,Table 13,HbA1c results (mmol/mol) of adolescents and young adults with type 1 diabetes on an insulin pump by age at audit year start,2017-21,England,21,Range,n,138.0,,
Appendix: Insulin pump,Table 13,HbA1c results (mmol/mol) of adolescents and young adults with type 1 diabetes on an insulin pump by age at audit year start,2017-21,England,22,Range,n,115.0,,
Appendix: Insulin pump,Table 13,HbA1c results (mmol/mol) of adolescents and young adults with type 1 diabetes on an insulin pump by age at audit year start,2017-21,England,23,Range,n,141.0,,
Appendix: Insulin pump,Table 13,HbA1c results (mmol/mol) of adolescents and young adults with type 1 diabetes on an insulin pump by age at audit year start,2017-21,England,24,Range,n,132.0,,
Appendix: Insulin pump,Table 13,HbA1c results (mmol/mol) of adolescents and young adults with type 1 diabetes on an insulin pump by age at audit year start,2017-21,England,25,Range,n,136.0,,
Appendix: Insulin pump,Table 13,HbA1c results (mmol/mol) of adolescents and young adults with type 1 diabetes on an insulin pump by age at audit year start,2017-21,England,15,Standard deviation,n,16.2,,
Appendix: Insulin pump,Table 13,HbA1c results (mmol/mol) of adolescents and young adults with type 1 diabetes on an insulin pump by age at audit year start,2017-21,England,16,Standard deviation,n,17.2,,
Appendix: Insulin pump,Table 13,HbA1c results (mmol/mol) of adolescents and young adults with type 1 diabetes on an insulin pump by age at audit year start,2017-21,England,17,Standard deviation,n,18.7,,
Appendix: Insulin pump,Table 13,HbA1c results (mmol/mol) of adolescents and young adults with type 1 diabetes on an insulin pump by age at audit year start,2017-21,England,18,Standard deviation,n,19.0,,
Appendix: Insulin pump,Table 13,HbA1c results (mmol/mol) of adolescents and young adults with type 1 diabetes on an insulin pump by age at audit year start,2017-21,England,19,Standard deviation,n,19.6,,
Appendix: Insulin pump,Table 13,HbA1c results (mmol/mol) of adolescents and young adults with type 1 diabetes on an insulin pump by age at audit year start,2017-21,England,20,Standard deviation,n,18.6,,
Appendix: Insulin pump,Table 13,HbA1c results (mmol/mol) of adolescents and young adults with type 1 diabetes on an insulin pump by age at audit year start,2017-21,England,21,Standard deviation,n,18.5,,
Appendix: Insulin pump,Table 13,HbA1c results (mmol/mol) of adolescents and young adults with type 1 diabetes on an insulin pump by age at audit year start,2017-21,England,22,Standard deviation,n,17.0,,
Appendix: Insulin pump,Table 13,HbA1c results (mmol/mol) of adolescents and young adults with type 1 diabetes on an insulin pump by age at audit year start,2017-21,England,23,Standard deviation,n,17.2,,
Appendix: Insulin pump,Table 13,HbA1c results (mmol/mol) of adolescents and young adults with type 1 diabetes on an insulin pump by age at audit year start,2017-21,England,24,Standard deviation,n,17.1,,
Appendix: Insulin pump,Table 13,HbA1c results (mmol/mol) of adolescents and young adults with type 1 diabetes on an insulin pump by age at audit year start,2017-21,England,25,Standard deviation,n,17.2,,
Appendix: Insulin pump,Table 14,HbA1c results (mmol/mol) of adolescents and young adults with type 1 diabetes not on an insulin pump by age at audit year start,2017-21,England,15,Number of people,n,5875.0,,
Appendix: Insulin pump,Table 14,HbA1c results (mmol/mol) of adolescents and young adults with type 1 diabetes not on an insulin pump by age at audit year start,2017-21,England,16,Number of people,n,6700.0,,
Appendix: Insulin pump,Table 14,HbA1c results (mmol/mol) of adolescents and young adults with type 1 diabetes not on an insulin pump by age at audit year start,2017-21,England,17,Number of people,n,7470.0,,
Appendix: Insulin pump,Table 14,HbA1c results (mmol/mol) of adolescents and young adults with type 1 diabetes not on an insulin pump by age at audit year start,2017-21,England,18,Number of people,n,8065.0,,
Appendix: Insulin pump,Table 14,HbA1c results (mmol/mol) of adolescents and young adults with type 1 diabetes not on an insulin pump by age at audit year start,2017-21,England,19,Number of people,n,8460.0,,
Appendix: Insulin pump,Table 14,HbA1c results (mmol/mol) of adolescents and young adults with type 1 diabetes not on an insulin pump by age at audit year start,2017-21,England,20,Number of people,n,9120.0,,
Appendix: Insulin pump,Table 14,HbA1c results (mmol/mol) of adolescents and young adults with type 1 diabetes not on an insulin pump by age at audit year start,2017-21,England,21,Number of people,n,9655.0,,
Appendix: Insulin pump,Table 14,HbA1c results (mmol/mol) of adolescents and young adults with type 1 diabetes not on an insulin pump by age at audit year start,2017-21,England,22,Number of people,n,10315.0,,
Appendix: Insulin pump,Table 14,HbA1c results (mmol/mol) of adolescents and young adults with type 1 diabetes not on an insulin pump by age at audit year start,2017-21,England,23,Number of people,n,10705.0,,
Appendix: Insulin pump,Table 14,HbA1c results (mmol/mol) of adolescents and young adults with type 1 diabetes not on an insulin pump by age at audit year start,2017-21,England,24,Number of people,n,11000.0,,
Appendix: Insulin pump,Table 14,HbA1c results (mmol/mol) of adolescents and young adults with type 1 diabetes not on an insulin pump by age at audit year start,2017-21,England,25,Number of people,n,11435.0,,
Appendix: Insulin pump,Table 14,HbA1c results (mmol/mol) of adolescents and young adults with type 1 diabetes not on an insulin pump by age at audit year start,2017-21,England,15,Mean,n,73.2,,
Appendix: Insulin pump,Table 14,HbA1c results (mmol/mol) of adolescents and young adults with type 1 diabetes not on an insulin pump by age at audit year start,2017-21,England,16,Mean,n,75.2,,
Appendix: Insulin pump,Table 14,HbA1c results (mmol/mol) of adolescents and young adults with type 1 diabetes not on an insulin pump by age at audit year start,2017-21,England,17,Mean,n,77.0,,
Appendix: Insulin pump,Table 14,HbA1c results (mmol/mol) of adolescents and young adults with type 1 diabetes not on an insulin pump by age at audit year start,2017-21,England,18,Mean,n,78.0,,
Appendix: Insulin pump,Table 14,HbA1c results (mmol/mol) of adolescents and young adults with type 1 diabetes not on an insulin pump by age at audit year start,2017-21,England,19,Mean,n,78.3,,
Appendix: Insulin pump,Table 14,HbA1c results (mmol/mol) of adolescents and young adults with type 1 diabetes not on an insulin pump by age at audit year start,2017-21,England,20,Mean,n,77.8,,
Appendix: Insulin pump,Table 14,HbA1c results (mmol/mol) of adolescents and young adults with type 1 diabetes not on an insulin pump by age at audit year start,2017-21,England,21,Mean,n,77.0,,
Appendix: Insulin pump,Table 14,HbA1c results (mmol/mol) of adolescents and young adults with type 1 diabetes not on an insulin pump by age at audit year start,2017-21,England,22,Mean,n,75.9,,
Appendix: Insulin pump,Table 14,HbA1c results (mmol/mol) of adolescents and young adults with type 1 diabetes not on an insulin pump by age at audit year start,2017-21,England,23,Mean,n,75.3,,
Appendix: Insulin pump,Table 14,HbA1c results (mmol/mol) of adolescents and young adults with type 1 diabetes not on an insulin pump by age at audit year start,2017-21,England,24,Mean,n,74.6,,
Appendix: Insulin pump,Table 14,HbA1c results (mmol/mol) of adolescents and young adults with type 1 diabetes not on an insulin pump by age at audit year start,2017-21,England,25,Mean,n,73.9,,
Appendix: Insulin pump,Table 14,HbA1c results (mmol/mol) of adolescents and young adults with type 1 diabetes not on an insulin pump by age at audit year start,2017-21,England,15,Median,n,68.0,,
Appendix: Insulin pump,Table 14,HbA1c results (mmol/mol) of adolescents and young adults with type 1 diabetes not on an insulin pump by age at audit year start,2017-21,England,16,Median,n,70.0,,
Appendix: Insulin pump,Table 14,HbA1c results (mmol/mol) of adolescents and young adults with type 1 diabetes not on an insulin pump by age at audit year start,2017-21,England,17,Median,n,71.0,,
Appendix: Insulin pump,Table 14,HbA1c results (mmol/mol) of adolescents and young adults with type 1 diabetes not on an insulin pump by age at audit year start,2017-21,England,18,Median,n,73.0,,
Appendix: Insulin pump,Table 14,HbA1c results (mmol/mol) of adolescents and young adults with type 1 diabetes not on an insulin pump by age at audit year start,2017-21,England,19,Median,n,74.0,,
Appendix: Insulin pump,Table 14,HbA1c results (mmol/mol) of adolescents and young adults with type 1 diabetes not on an insulin pump by age at audit year start,2017-21,England,20,Median,n,74.0,,
Appendix: Insulin pump,Table 14,HbA1c results (mmol/mol) of adolescents and young adults with type 1 diabetes not on an insulin pump by age at audit year start,2017-21,England,21,Median,n,73.0,,
Appendix: Insulin pump,Table 14,HbA1c results (mmol/mol) of adolescents and young adults with type 1 diabetes not on an insulin pump by age at audit year start,2017-21,England,22,Median,n,72.0,,
Appendix: Insulin pump,Table 14,HbA1c results (mmol/mol) of adolescents and young adults with type 1 diabetes not on an insulin pump by age at audit year start,2017-21,England,23,Median,n,71.0,,
Appendix: Insulin pump,Table 14,HbA1c results (mmol/mol) of adolescents and young adults with type 1 diabetes not on an insulin pump by age at audit year start,2017-21,England,24,Median,n,71.0,,
Appendix: Insulin pump,Table 14,HbA1c results (mmol/mol) of adolescents and young adults with type 1 diabetes not on an insulin pump by age at audit year start,2017-21,England,25,Median,n,70.0,,
Appendix: Insulin pump,Table 14,HbA1c results (mmol/mol) of adolescents and young adults with type 1 diabetes not on an insulin pump by age at audit year start,2017-21,England,15,Interquartile range - Lower quartile,n,57.0,,
Appendix: Insulin pump,Table 14,HbA1c results (mmol/mol) of adolescents and young adults with type 1 diabetes not on an insulin pump by age at audit year start,2017-21,England,16,Interquartile range - Lower quartile,n,58.0,,
Appendix: Insulin pump,Table 14,HbA1c results (mmol/mol) of adolescents and young adults with type 1 diabetes not on an insulin pump by age at audit year start,2017-21,England,17,Interquartile range - Lower quartile,n,59.0,,
Appendix: Insulin pump,Table 14,HbA1c results (mmol/mol) of adolescents and young adults with type 1 diabetes not on an insulin pump by age at audit year start,2017-21,England,18,Interquartile range - Lower quartile,n,60.0,,
Appendix: Insulin pump,Table 14,HbA1c results (mmol/mol) of adolescents and young adults with type 1 diabetes not on an insulin pump by age at audit year start,2017-21,England,19,Interquartile range - Lower quartile,n,60.0,,
Appendix: Insulin pump,Table 14,HbA1c results (mmol/mol) of adolescents and young adults with type 1 diabetes not on an insulin pump by age at audit year start,2017-21,England,20,Interquartile range - Lower quartile,n,61.0,,
Appendix: Insulin pump,Table 14,HbA1c results (mmol/mol) of adolescents and young adults with type 1 diabetes not on an insulin pump by age at audit year start,2017-21,England,21,Interquartile range - Lower quartile,n,60.0,,
Appendix: Insulin pump,Table 14,HbA1c results (mmol/mol) of adolescents and young adults with type 1 diabetes not on an insulin pump by age at audit year start,2017-21,England,22,Interquartile range - Lower quartile,n,59.0,,
Appendix: Insulin pump,Table 14,HbA1c results (mmol/mol) of adolescents and young adults with type 1 diabetes not on an insulin pump by age at audit year start,2017-21,England,23,Interquartile range - Lower quartile,n,59.0,,
Appendix: Insulin pump,Table 14,HbA1c results (mmol/mol) of adolescents and young adults with type 1 diabetes not on an insulin pump by age at audit year start,2017-21,England,24,Interquartile range - Lower quartile,n,58.0,,
Appendix: Insulin pump,Table 14,HbA1c results (mmol/mol) of adolescents and young adults with type 1 diabetes not on an insulin pump by age at audit year start,2017-21,England,25,Interquartile range - Lower quartile,n,58.0,,
Appendix: Insulin pump,Table 14,HbA1c results (mmol/mol) of adolescents and young adults with type 1 diabetes not on an insulin pump by age at audit year start,2017-21,England,15,Interquartile range - Upper quartile,n,85.0,,
Appendix: Insulin pump,Table 14,HbA1c results (mmol/mol) of adolescents and young adults with type 1 diabetes not on an insulin pump by age at audit year start,2017-21,England,16,Interquartile range - Upper quartile,n,88.0,,
Appendix: Insulin pump,Table 14,HbA1c results (mmol/mol) of adolescents and young adults with type 1 diabetes not on an insulin pump by age at audit year start,2017-21,England,17,Interquartile range - Upper quartile,n,91.0,,
Appendix: Insulin pump,Table 14,HbA1c results (mmol/mol) of adolescents and young adults with type 1 diabetes not on an insulin pump by age at audit year start,2017-21,England,18,Interquartile range - Upper quartile,n,93.0,,
Appendix: Insulin pump,Table 14,HbA1c results (mmol/mol) of adolescents and young adults with type 1 diabetes not on an insulin pump by age at audit year start,2017-21,England,19,Interquartile range - Upper quartile,n,92.0,,
Appendix: Insulin pump,Table 14,HbA1c results (mmol/mol) of adolescents and young adults with type 1 diabetes not on an insulin pump by age at audit year start,2017-21,England,20,Interquartile range - Upper quartile,n,91.0,,
Appendix: Insulin pump,Table 14,HbA1c results (mmol/mol) of adolescents and young adults with type 1 diabetes not on an insulin pump by age at audit year start,2017-21,England,21,Interquartile range - Upper quartile,n,90.0,,
Appendix: Insulin pump,Table 14,HbA1c results (mmol/mol) of adolescents and young adults with type 1 diabetes not on an insulin pump by age at audit year start,2017-21,England,22,Interquartile range - Upper quartile,n,89.0,,
Appendix: Insulin pump,Table 14,HbA1c results (mmol/mol) of adolescents and young adults with type 1 diabetes not on an insulin pump by age at audit year start,2017-21,England,23,Interquartile range - Upper quartile,n,88.0,,
Appendix: Insulin pump,Table 14,HbA1c results (mmol/mol) of adolescents and young adults with type 1 diabetes not on an insulin pump by age at audit year start,2017-21,England,24,Interquartile range - Upper quartile,n,87.0,,
Appendix: Insulin pump,Table 14,HbA1c results (mmol/mol) of adolescents and young adults with type 1 diabetes not on an insulin pump by age at audit year start,2017-21,England,25,Interquartile range - Upper quartile,n,86.0,,
Appendix: Insulin pump,Table 14,HbA1c results (mmol/mol) of adolescents and young adults with type 1 diabetes not on an insulin pump by age at audit year start,2017-21,England,15,Range,n,163.0,,
Appendix: Insulin pump,Table 14,HbA1c results (mmol/mol) of adolescents and young adults with type 1 diabetes not on an insulin pump by age at audit year start,2017-21,England,16,Range,n,170.0,,
Appendix: Insulin pump,Table 14,HbA1c results (mmol/mol) of adolescents and young adults with type 1 diabetes not on an insulin pump by age at audit year start,2017-21,England,17,Range,n,162.0,,
Appendix: Insulin pump,Table 14,HbA1c results (mmol/mol) of adolescents and young adults with type 1 diabetes not on an insulin pump by age at audit year start,2017-21,England,18,Range,n,159.8,,
Appendix: Insulin pump,Table 14,HbA1c results (mmol/mol) of adolescents and young adults with type 1 diabetes not on an insulin pump by age at audit year start,2017-21,England,19,Range,n,162.0,,
Appendix: Insulin pump,Table 14,HbA1c results (mmol/mol) of adolescents and young adults with type 1 diabetes not on an insulin pump by age at audit year start,2017-21,England,20,Range,n,165.0,,
Appendix: Insulin pump,Table 14,HbA1c results (mmol/mol) of adolescents and young adults with type 1 diabetes not on an insulin pump by age at audit year start,2017-21,England,21,Range,n,157.0,,
Appendix: Insulin pump,Table 14,HbA1c results (mmol/mol) of adolescents and young adults with type 1 diabetes not on an insulin pump by age at audit year start,2017-21,England,22,Range,n,169.9,,
Appendix: Insulin pump,Table 14,HbA1c results (mmol/mol) of adolescents and young adults with type 1 diabetes not on an insulin pump by age at audit year start,2017-21,England,23,Range,n,167.7,,
Appendix: Insulin pump,Table 14,HbA1c results (mmol/mol) of adolescents and young adults with type 1 diabetes not on an insulin pump by age at audit year start,2017-21,England,24,Range,n,169.0,,
Appendix: Insulin pump,Table 14,HbA1c results (mmol/mol) of adolescents and young adults with type 1 diabetes not on an insulin pump by age at audit year start,2017-21,England,25,Range,n,155.0,,
Appendix: Insulin pump,Table 14,HbA1c results (mmol/mol) of adolescents and young adults with type 1 diabetes not on an insulin pump by age at audit year start,2017-21,England,15,Standard deviation,n,23.2,,
Appendix: Insulin pump,Table 14,HbA1c results (mmol/mol) of adolescents and young adults with type 1 diabetes not on an insulin pump by age at audit year start,2017-21,England,16,Standard deviation,n,24.2,,
Appendix: Insulin pump,Table 14,HbA1c results (mmol/mol) of adolescents and young adults with type 1 diabetes not on an insulin pump by age at audit year start,2017-21,England,17,Standard deviation,n,25.0,,
Appendix: Insulin pump,Table 14,HbA1c results (mmol/mol) of adolescents and young adults with type 1 diabetes not on an insulin pump by age at audit year start,2017-21,England,18,Standard deviation,n,24.7,,
Appendix: Insulin pump,Table 14,HbA1c results (mmol/mol) of adolescents and young adults with type 1 diabetes not on an insulin pump by age at audit year start,2017-21,England,19,Standard deviation,n,24.2,,
Appendix: Insulin pump,Table 14,HbA1c results (mmol/mol) of adolescents and young adults with type 1 diabetes not on an insulin pump by age at audit year start,2017-21,England,20,Standard deviation,n,23.5,,
Appendix: Insulin pump,Table 14,HbA1c results (mmol/mol) of adolescents and young adults with type 1 diabetes not on an insulin pump by age at audit year start,2017-21,England,21,Standard deviation,n,23.4,,
Appendix: Insulin pump,Table 14,HbA1c results (mmol/mol) of adolescents and young adults with type 1 diabetes not on an insulin pump by age at audit year start,2017-21,England,22,Standard deviation,n,22.8,,
Appendix: Insulin pump,Table 14,HbA1c results (mmol/mol) of adolescents and young adults with type 1 diabetes not on an insulin pump by age at audit year start,2017-21,England,23,Standard deviation,n,22.3,,
Appendix: Insulin pump,Table 14,HbA1c results (mmol/mol) of adolescents and young adults with type 1 diabetes not on an insulin pump by age at audit year start,2017-21,England,24,Standard deviation,n,22.2,,
Appendix: Insulin pump,Table 14,HbA1c results (mmol/mol) of adolescents and young adults with type 1 diabetes not on an insulin pump by age at audit year start,2017-21,England,25,Standard deviation,n,21.9,,
